X,Y,OBJECTID,LOCATION,MAG,DEPTH,DATUM
6.715000003838769,53.318000006077838,1001,Stedum,1.6,3,2013-11-15T00:00:00.000Z
6.747000004332301,53.322000005951693,1002,Loppersum,1.4,3,2013-11-18T00:00:00.000Z
6.845000004616158,53.327000006303244,1003,Appingedam,2,3,2013-11-26T00:00:00.000Z
4.548000002663942,52.570000006443195,1004,Noordzee,1.7,3,2013-11-28T00:00:00.000Z
4.550000002616505,52.570000006212176,1005,Noordzee,1.4,3,2013-11-28T00:00:00.000Z
6.725000003716589,53.226000006743512,1006,Lageland,1.3,3,2013-12-06T00:00:00.000Z
6.922000005010208,53.282000006288392,1007,Meedhuizen,1.1,3,2013-12-08T00:00:00.000Z
6.823000004174038,53.213000006614223,1008,Slochteren,1.3,3,2013-12-20T00:00:00.000Z
6.813000004658149,53.230000005922335,1009,Schildwolde,1,3,2013-12-22T00:00:00.000Z
6.692000005033528,53.34800000667628,1010,Huizinge,1.2,3,2013-12-23T00:00:00.000Z
6.755000003721044,53.206000006321347,1011,Woudbloem,1.4,3,2014-01-02T00:00:00.000Z
6.647000004459601,53.230000005952057,1012,Garmerwolde,1.1,3,2014-01-04T00:00:00.000Z
6.578000004540763,53.315000006244027,1013,Bedum,1.1,3,2014-01-09T00:00:00.000Z
6.770000004192431,53.295000006228726,1014,Garrelsweer,0.9,3,2014-01-12T00:00:00.000Z
6.973000004026414,53.277000006333928,1015,Nieuwolda,1.2,3,2014-01-16T00:00:00.000Z
6.568000003765396,53.27100000614638,1016,Zuidwolde,1,3,2014-01-21T00:00:00.000Z
6.737000004458793,53.377000006477104,1017,Garsthuizen,0.6,3,2014-01-23T00:00:00.000Z
6.887000004816003,53.182000006490505,1018,Noordbroek,1.1,3,2014-01-23T00:00:00.000Z
6.678000004961,53.236000005895463,1019,Zevenhuizen,1.5,3,2014-01-26T00:00:00.000Z
6.757000004601944,53.334000006537075,1020,Loppersum,1.5,3,2014-02-03T00:00:00.000Z
6.787000004765505,53.250000006575213,1021,Luddeweer,0.9,3,2014-02-05T00:00:00.000Z
6.568000003694855,52.960000006024465,1022,Geelbroek,2,3,2014-02-05T00:00:00.000Z
6.785000004382295,53.185000006438678,1023,Froombosch,1.3,3,2014-02-06T00:00:00.000Z
6.953000005073484,53.294000006000459,1024,Meedhuizen,0.8,3,2014-02-11T00:00:00.000Z
6.782000005009294,53.357000006658296,1025,Leermens,3,3,2014-02-13T00:00:00.000Z
6.742000003883935,53.304000006453734,1026,Winneweer,0.8,3,2014-02-17T00:00:00.000Z
6.662000003732008,53.337000006382617,1027,Westerwijtwerd,1.7,3,2014-02-18T00:00:00.000Z
6.750000004989744,53.279000006006292,1028,Woltersum,1.2,3,2014-02-28T00:00:00.000Z
6.828000004289027,53.083000006603882,1029,Annerveenschekanaal,0.8,3,2014-03-04T00:00:00.000Z
6.828000003854338,53.085000005832363,1030,Annerveenschekanaal,0.8,3,2014-03-04T00:00:00.000Z
6.830000004839867,53.077000005849179,1031,Annerveenschekanaal,1.1,3,2014-03-04T00:00:00.000Z
6.768000005226903,53.351000006538406,1032,Zeerijp,0.9,3,2014-03-10T00:00:00.000Z
6.820000004686799,53.197000006456932,1033,Froombosch,1.1,3,2014-03-11T00:00:00.000Z
6.822000004336757,53.228000006349291,1034,Schildwolde,2.3,3,2014-03-11T00:00:00.000Z
6.590000004471771,52.949000005918286,1035,Eleveld,1.3,3,2014-03-12T00:00:00.000Z
6.65200000443713,53.211000006259063,1036,Waterhuizen,0.8,3,2014-03-14T00:00:00.000Z
6.828000004040585,53.310000006553587,1037,Appingedam,1,3,2014-03-14T00:00:00.000Z
6.87300000392461,53.306000006119959,1038,Appingedam,1.9,3,2014-03-15T00:00:00.000Z
6.618000004453774,53.390000006457498,1039,Rottum,2.1,3,2014-03-18T00:00:00.000Z
6.828000004059452,53.209000006107203,1040,Slochteren,1.1,3,2014-03-21T00:00:00.000Z
6.798000003779498,53.166000006588405,1041,Sappemeer,1.6,3,2014-03-23T00:00:00.000Z
6.863000005215842,53.259000006458969,1042,Siddeburen,1.4,3,2014-03-27T00:00:00.000Z
6.758000004078293,53.480000006664305,1043,Eemshaven,1.3,3,2014-03-28T00:00:00.000Z
6.993000004797242,53.28200000648723,1044,Borgsweer,1.4,3,2014-03-30T00:00:00.000Z
6.672000004852472,53.238000006334538,1045,Zevenhuizen,0.7,3,2014-03-31T00:00:00.000Z
6.808000004827237,53.161000005835774,1046,Sappemeer,1.1,3,2014-04-02T00:00:00.000Z
6.802000003787513,53.163000006536578,1047,Sappemeer,1.2,3,2014-04-02T00:00:00.000Z
6.817000003817368,53.179000006306666,1048,Sappemeer,1,3,2014-04-03T00:00:00.000Z
6.667000004869223,53.250000006534506,1049,Zevenhuizen,1.2,3,2014-04-04T00:00:00.000Z
6.903000003967708,53.264000006557119,1050,Meedhuizen,1.1,3,2014-04-09T00:00:00.000Z
6.723000004947773,53.327000006139905,1051,Loppersum,1.3,3,2014-04-17T00:00:00.000Z
6.743000004180072,53.35100000676514,1052,Zeerijp,1.4,3,2014-04-20T00:00:00.000Z
6.813000004511818,53.237000006674158,1053,Schildwolde,1.3,3,2014-04-26T00:00:00.000Z
6.7020000044905,53.184000006043242,1054,Westerbroek,0.5,3,2014-04-27T00:00:00.000Z
6.732000004827499,53.212000006268653,1055,Woudbloem,1.3,3,2014-05-12T00:00:00.000Z
6.640000003927317,53.333000006763434,1056,Westerwijtwerd,1.4,3,2014-05-13T00:00:00.000Z
6.745000003978942,53.192000005846147,1057,Kolham,1.6,3,2014-05-17T00:00:00.000Z
6.940000005039511,53.277000006475362,1058,Meedhuizen,1,3,2014-05-19T00:00:00.000Z
6.763000004819233,53.207000006700667,1059,Woudbloem,1.2,3,2014-06-12T00:00:00.000Z
6.752000004936529,53.191000005843293,1060,Kolham,0.8,3,2014-06-12T00:00:00.000Z
6.710000004518959,53.349000006328552,1061,Westeremden,1.8,3,2014-06-16T00:00:00.000Z
6.822000004737999,53.213000006691708,1062,Slochteren,0.7,3,2014-06-29T00:00:00.000Z
6.917000004721656,53.275000006681296,1063,Meedhuizen,1.3,3,2014-07-02T00:00:00.000Z
6.790000004367457,53.214000006005676,1064,Slochteren,2.1,3,2014-07-02T00:00:00.000Z
6.618000005004784,53.185000006091585,1065,Haren,0.9,3,2014-07-06T00:00:00.000Z
6.688000005046523,53.240000006254391,1066,Zevenhuizen,1.2,3,2014-07-07T00:00:00.000Z
6.752000003742917,53.269000005962141,1067,Woltersum,1,3,2014-07-07T00:00:00.000Z
6.707000003795384,53.244000006453675,1068,Lageland,1.2,3,2014-07-08T00:00:00.000Z
6.827000004803137,53.215000005951232,1069,Slochteren,0.7,3,2014-07-15T00:00:00.000Z
6.862000004536436,53.249000005860189,1070,Siddeburen,0.9,3,2014-07-22T00:00:00.000Z
6.835000004218595,53.323000006025893,1071,Oosterwijtwerd,1.3,3,2014-08-09T00:00:00.000Z
6.835000005112598,53.325000006219902,1072,Oosterwijtwerd,2,3,2014-08-09T00:00:00.000Z
6.725000003899316,53.376000006706867,1073,Garsthuizen,1.2,3,2014-08-19T00:00:00.000Z
6.727000003824113,53.373000006372806,1074,Garsthuizen,1.2,3,2014-08-21T00:00:00.000Z
6.782000004658099,53.230000006418635,1075,Slochteren,0.8,3,2014-08-25T00:00:00.000Z
6.625000005081567,53.236000005916104,1076,Garmerwolde,0.5,3,2014-09-01T00:00:00.000Z
6.787000003881455,53.194000006307597,1077,Froombosch,2.6,3,2014-09-01T00:00:00.000Z
6.813000005150887,53.197000005990446,1078,Froombosch,1.6,3,2014-09-01T00:00:00.000Z
6.720000005161372,53.240000006077288,1079,Lageland,1.4,3,2014-09-23T00:00:00.000Z
6.728000003957174,53.242000005956434,1080,Lageland,1,3,2014-09-23T00:00:00.000Z
6.693000004740348,53.351000006142122,1081,Huizinge,1,3,2014-09-24T00:00:00.000Z
6.937000004967848,53.276000006031893,1082,Meedhuizen,1.5,3,2014-09-25T00:00:00.000Z
6.6550000041585,53.258000006742542,1083,Garmerwolde,2.8,3,2014-09-30T00:00:00.000Z
6.747000004513357,53.358000006079791,1084,Zeerijp,1.5,3,2014-10-21T00:00:00.000Z
6.678000004423931,53.374000006338051,1085,Zandeweer,2.9,3,2014-11-05T00:00:00.000Z
6.60200000480026,52.937000005810191,1086,Amen,2,3,2014-11-11T00:00:00.000Z
6.863000004030291,53.228000006029148,1087,Hellum,0.9,3,2014-11-16T00:00:00.000Z
6.762000004259101,53.228000006358386,1088,Woudbloem,0.6,3,2014-11-16T00:00:00.000Z
6.698000004338692,53.355000006740198,1089,Huizinge,1.3,3,2014-11-22T00:00:00.000Z
6.840000004165953,53.331000006111879,1090,Oosterwijtwerd,1,3,2014-11-29T00:00:00.000Z
6.672000003995183,53.360000006667164,1091,Huizinge,1.4,3,2014-11-30T00:00:00.000Z
6.832000004913422,53.190000006581343,1092,Noordbroek,0.9,3,2014-12-03T00:00:00.000Z
6.672000004134049,53.237000006336928,1093,Zevenhuizen,1.1,3,2014-12-05T00:00:00.000Z
6.753000004732758,53.350000006227617,1094,Zeerijp,1.3,3,2014-12-28T00:00:00.000Z
6.728000005116206,53.208000006257222,1095,Woudbloem,2.8,3,2014-12-30T00:00:00.000Z
6.753000003908205,53.239000006637873,1096,Luddeweer,0.8,3,2014-12-30T00:00:00.000Z
6.768000005019097,53.324000006614824,1097,Wirdum,2.7,3,2015-01-06T00:00:00.000Z
6.937000005339222,53.322000006632962,1098,Farmsum,1,3,2015-01-06T00:00:00.000Z
6.797000004253859,53.1710000064299,1099,Sappemeer,1.5,3,2015-01-11T00:00:00.000Z
6.848000004959341,53.257000005905716,1100,Steendam,1.1,3,2015-01-14T00:00:00.000Z
6.548000003646822,52.992000006207171,1,Assen,2.8,1,1986-12-26T00:00:00.000Z
6.552000004746438,52.928000006335616,2,Hooghalen,2.5,1.5,1987-12-14T00:00:00.000Z
4.971000002648537,52.529000005724484,3,Purmerend,2.7,1.2,1989-12-01T00:00:00.000Z
6.91400000453346,52.771000006469826,4,Emmen,2.2,3,1991-02-15T00:00:00.000Z
6.575000004020713,52.952000006253868,5,Geelbroek,2.6,3,1991-04-25T00:00:00.000Z
6.573000004331402,52.965000006460052,6,Eleveld,2.7,3,1991-08-08T00:00:00.000Z
6.657000004124459,53.358000006225311,7,Middelstum,2.4,3,1991-12-05T00:00:00.000Z
6.572000004777125,52.953000005836735,8,Geelbroek,2.6,3,1992-05-23T00:00:00.000Z
6.562000004981992,52.956000005849354,9,Geelbroek,1.6,3,1992-05-24T00:00:00.000Z
7.032000005345026,52.831000006441478,10,Roswinkel,2.7,1.5,1992-06-11T00:00:00.000Z
6.57000000405545,52.961000006302697,11,Eleveld,2.5,3,1992-07-22T00:00:00.000Z
6.74000000408396,53.320000006524566,12,Ten Boer,1.3,3,1992-12-06T00:00:00.000Z
6.747000003925158,53.210000006330752,13,Slochteren,1.4,3,1992-12-11T00:00:00.000Z
6.868000004059466,53.294000006529643,14,Noordbroek,1,3,1993-02-12T00:00:00.000Z
6.465000003914903,53.084000006437961,15,Langelo,1.5,3,1993-03-05T00:00:00.000Z
6.805000003862379,53.160000006496986,16,Hoogezand,0.9,3,1993-03-12T00:00:00.000Z
6.795000004470604,53.285000005863331,17,Overschild,1.1,3,1993-03-26T00:00:00.000Z
6.685000005060551,53.177000006365766,18,Haren,1.5,3,1993-05-05T00:00:00.000Z
6.793000004872207,53.305000006325514,19,Ten Post,1.1,3,1993-05-14T00:00:00.000Z
6.650000004713488,53.316000006075093,20,Bedum,1.4,3,1993-06-27T00:00:00.000Z
6.660000004706867,53.315000006255978,21,Stedum,1,3,1993-06-27T00:00:00.000Z
6.837000004915734,53.333000006272272,22,Appingedam,1.4,3,1993-07-10T00:00:00.000Z
6.808000004791404,53.336000006251382,23,Loppersum,0.8,3,1993-07-27T00:00:00.000Z
6.848000003833335,53.332000006337779,24,Nijenklooster,0.7,3,1993-08-23T00:00:00.000Z
6.765000004382266,53.363000006240441,25,Oldenzijl,1.4,3,1993-09-04T00:00:00.000Z
6.675000003993063,53.368000006052831,26,Middelstum,2,3,1993-09-22T00:00:00.000Z
6.812000005158301,53.208000006157064,27,Slochteren,0.9,3,1993-09-25T00:00:00.000Z
6.820000004697392,53.202000006441985,28,Slochteren,2.2,3,1993-11-23T00:00:00.000Z
6.753000004912192,53.294000005929391,29,Ten Post,1.6,3,1993-12-22T00:00:00.000Z
6.77700000384945,53.306000006262487,30,Winneweer,1.3,3,1994-02-04T00:00:00.000Z
7.04500000461729,52.833000005909682,31,Roswinkel,2.9,1.5,1994-02-05T00:00:00.000Z
6.720000004581541,53.370000006290894,32,Garsthuizen,0.6,3,1994-02-28T00:00:00.000Z
6.807000004798004,53.279000006337391,33,Steendam,1.5,3,1994-03-02T00:00:00.000Z
6.805000004240011,53.323000006146721,34,Eenrum,1,3,1994-03-06T00:00:00.000Z
6.808000005002636,53.345000005914571,35,t-Zandt,1.3,3,1994-03-14T00:00:00.000Z
6.680000004623804,53.390000006161195,36,Zandeweer,1.6,3,1994-03-14T00:00:00.000Z
6.747000004485191,53.170000006113639,37,Westerbroek,1.1,3,1994-03-14T00:00:00.000Z
6.962000004273106,53.316000006140008,38,Delfzijl,0.8,3,1994-03-24T00:00:00.000Z
6.828000005154578,53.275000005844781,39,Steendam,1.3,3,1994-04-04T00:00:00.000Z
6.798000004541948,53.194000006049421,40,Kolham,0.9,3,1994-05-07T00:00:00.000Z
6.835000004626282,53.226000006079268,41,Hellum,0.8,3,1994-05-10T00:00:00.000Z
6.950000004945898,53.294000006397503,42,Weiwerd,1,3,1994-06-05T00:00:00.000Z
6.823000004704314,53.156000006547927,43,Achterdiep,1,3,1994-06-06T00:00:00.000Z
6.682000003854109,53.359000006287189,44,Garsthuizen,1.5,3,1994-06-08T00:00:00.000Z
6.852000004452452,53.335000006206471,45,De Klip,1,3,1994-06-26T00:00:00.000Z
6.770000004487663,53.423000006605378,46,Uithuizermeeden,1.7,3,1994-06-27T00:00:00.000Z
6.613000003771584,53.324000006544608,47,Stedum,2.7,3,1994-07-01T00:00:00.000Z
6.743000004750223,53.372000006022958,48,t-Zandt,2,3,1994-07-19T00:00:00.000Z
6.628000004315363,53.351000006600735,49,Middelstum,2.7,1,1994-07-30T00:00:00.000Z
6.577000004664241,53.365000006678592,50,Middelstum,1.3,1,1994-07-30T00:00:00.000Z
6.917000004060727,52.755000006015841,101,Weerdinge,1.6,3,1996-08-06T00:00:00.000Z
6.688000004189305,53.057000006301386,102,Annen,0.3,3,1996-08-09T00:00:00.000Z
6.958000004357746,53.28700000613042,103,Oterdumerwarven,1.6,3,1996-08-09T00:00:00.000Z
6.570000004314296,52.945000006160058,104,Geelbroek,1.7,3,1996-08-25T00:00:00.000Z
6.422000004383449,53.147000006020114,105,Nieuw-Roden,2.1,3,1996-09-02T00:00:00.000Z
6.610000004893236,52.941000006259003,106,Amen,1.3,3,1996-10-16T00:00:00.000Z
6.755000004175417,53.355000006186017,107,t-Zandt,1.3,3,1996-11-16T00:00:00.000Z
6.732000004095095,52.724000005980976,108,Wachtum,2.2,3,1996-11-17T00:00:00.000Z
6.410000004212914,53.165000006251596,109,Leek,1,3,1996-11-30T00:00:00.000Z
7.053000004985139,52.835000006540241,110,Roswinkel,1.6,1.5,1996-12-06T00:00:00.000Z
6.815000004980763,53.072000005785419,111,Annerveenschekanaal,0.5,3,1996-12-16T00:00:00.000Z
6.82200000511539,53.078000006264958,112,Annerveenschekanaal,-0.1,3,1996-12-16T00:00:00.000Z
6.765000004796494,53.261000005925709,113,Schaaphok,-0.2,3,1996-12-26T00:00:00.000Z
6.505000004908153,53.107000005854182,114,Winde,1.9,3,1996-12-28T00:00:00.000Z
7.043000005335706,52.834000006478746,115,Roswinkel,2.7,2,1996-12-28T00:00:00.000Z
6.502000004689065,53.111000006287775,116,Donderen,1.8,3,1996-12-28T00:00:00.000Z
6.713000004933999,53.338000005904185,117,Westeremden,1.5,3,1997-01-08T00:00:00.000Z
6.577000003899061,52.943000006278304,118,Geelbroek,0.7,3,1997-01-14T00:00:00.000Z
7.04600000425013,52.835000005898657,119,Roswinkel,2.4,2,1997-01-16T00:00:00.000Z
6.678000003891195,53.07900000607718,120,Annen,0.6,3,1997-01-24T00:00:00.000Z
6.752000004115677,53.387000006789286,121,Zijldijk,1.6,3,1997-02-17T00:00:00.000Z
6.568000004728518,52.947000006425483,122,Eleveld,1.1,3,1997-02-17T00:00:00.000Z
7.038000005318604,52.832000006362065,123,Roswinkel,3.4,2,1997-02-19T00:00:00.000Z
6.803000005100232,52.642000005785675,124,Coevorden,1.2,3,1997-02-26T00:00:00.000Z
6.267000004737779,53.288000005888236,125,Pieterzijl,1.3,3,1997-03-02T00:00:00.000Z
6.815000004130354,53.10600000583937,126,Zuidlaarderveen,-0.8,3,1997-03-08T00:00:00.000Z
6.812000005017326,53.109000006317245,127,Zuidlaarderveen,0,3,1997-03-08T00:00:00.000Z
6.748000004326931,53.252000006311043,128,Woudbloem,-0.2,3,1997-03-25T00:00:00.000Z
6.873000004668676,52.768000005811295,129,Emmen,1.4,3,1997-04-01T00:00:00.000Z
6.865000004096124,53.200000006512695,130,Noordbroek,0.5,3,1997-04-09T00:00:00.000Z
7.053000005379464,52.834000005777789,131,Roswinkel,0.8,2,1997-04-17T00:00:00.000Z
6.803000003967724,53.249000005972569,132,Schildwolde,1.4,3,1997-04-29T00:00:00.000Z
6.930000004141686,53.300000006062696,133,Weiwerd,1.1,3,1997-05-04T00:00:00.000Z
6.737000005178347,53.144000006136423,134,Kropswolde,0.8,3,1997-05-04T00:00:00.000Z
7.053000004813614,52.836000006133702,135,Roswinkel,1.3,2,1997-05-19T00:00:00.000Z
6.875000003842718,53.29200000648774,136,Opwierde,1.2,3,1997-06-06T00:00:00.000Z
6.753000004216123,53.364000006181342,137,t-Zandt,1.8,3,1997-06-19T00:00:00.000Z
7.055000004366375,52.831000005841823,138,Roswinkel,1.8,2,1997-06-20T00:00:00.000Z
6.752000004651108,53.094000006384597,139,Oud-Annerveen,1.9,3.5,1997-06-21T00:00:00.000Z
7.053000004581708,52.833000005663848,140,Roswinkel,1.2,2,1997-07-09T00:00:00.000Z
6.717000004244359,53.061000006059921,141,Oud-Annerveen,-0.7,3,1997-07-17T00:00:00.000Z
6.753000004077479,53.24700000625942,142,Lageland,1.2,3,1997-07-23T00:00:00.000Z
7.050000004508902,52.834000006431161,143,Roswinkel,1.6,2,1997-08-18T00:00:00.000Z
7.050000004508902,52.834000006431161,144,Roswinkel,2.1,2,1997-08-18T00:00:00.000Z
6.813000004180357,53.063000006199488,145,Spijkerboor,0.2,3,1997-08-22T00:00:00.000Z
6.813000004180357,53.063000006199488,146,Spijkerboor,0.6,3,1997-08-23T00:00:00.000Z
6.683000004718525,53.239000006021335,147,Lageland,1.6,3,1997-08-23T00:00:00.000Z
6.747000003736237,53.338000006544249,148,Wirdum,1.1,3,1997-09-13T00:00:00.000Z
6.740000004412787,53.045000005796247,149,Annen,0.4,3,1997-09-14T00:00:00.000Z
6.705000004399989,53.427000006352941,150,Zandeweer,1.4,3,1997-11-01T00:00:00.000Z
6.513000003726458,53.108000005844815,151,Donderen,1.4,3,1997-11-03T00:00:00.000Z
6.793000005223174,53.328000006626112,152,Wirdum,1.6,3,1997-11-04T00:00:00.000Z
6.822000005048984,53.104000005913591,153,Oud-Annerveen,0.3,3,1997-11-15T00:00:00.000Z
6.792000004636875,53.206000005946954,154,Slochteren,1.1,3,1997-11-20T00:00:00.000Z
6.765000004073555,53.254000006481036,155,Woudbloem,0.2,3,1997-11-26T00:00:00.000Z
6.897000004542116,53.279000005930534,156,Meedhuizen,1.8,3,1997-12-03T00:00:00.000Z
6.858000004345843,53.244000006478416,157,Siddeburen,1.3,3,1997-12-03T00:00:00.000Z
6.702000005078945,53.075000006378801,158,Zuidlaarderveen,0.3,3,1997-12-07T00:00:00.000Z
7.015000004613126,53.316000005905565,159,Termunterzijl,1.3,3,1997-12-23T00:00:00.000Z
6.597000004073071,52.937000006217602,160,Amen,1.2,3,1998-01-08T00:00:00.000Z
6.547000004059086,52.984000005756009,161,Geelbroek,1.1,3.5,1998-01-22T00:00:00.000Z
7.042000005006532,52.833000006360265,162,Roswinkel,2.7,2,1998-01-28T00:00:00.000Z
7.037000004147911,52.833000005965964,163,Roswinkel,2,2,1998-01-28T00:00:00.000Z
6.745000003878287,53.236000006221786,164,Woudbloem,0.7,3,1998-01-31T00:00:00.000Z
6.935000004870925,53.291000006260099,165,Meedhuizen,1.1,3,1998-02-05T00:00:00.000Z
6.77300000387291,53.356000006301571,166,t-Zandt,2.6,3,1998-02-15T00:00:00.000Z
6.730000004844213,53.345000006503732,167,Westeremden,1.3,3,1998-03-29T00:00:00.000Z
6.723000004098492,53.339000005932526,168,Zeerijp,1.5,3,1998-04-19T00:00:00.000Z
6.682000003980513,53.425000006380017,169,Uithuizen,1.6,3,1998-04-19T00:00:00.000Z
6.865000003918288,53.107000006348684,170,Veendam,0.4,3,1998-04-28T00:00:00.000Z
6.707000004397628,53.197000006061103,171,Scharmer,0.8,3,1998-04-30T00:00:00.000Z
6.732000004703852,53.40400000597522,172,Oldenzijl,1.3,3,1998-05-18T00:00:00.000Z
6.777000004185475,53.20300000636059,173,Slochteren,0.9,3,1998-05-30T00:00:00.000Z
7.053000004581708,52.833000005663848,174,Roswinkel,3.3,2,1998-07-14T00:00:00.000Z
6.803000004067259,53.192000006191201,175,Froombosch,1.1,3,1998-08-14T00:00:00.000Z
6.810000005085318,53.29800000666971,176,Overschild,2.4,3,1998-08-24T00:00:00.000Z
6.875000003888829,52.742000006422735,177,Emmen,1.9,3,1998-09-05T00:00:00.000Z
6.74800000381959,53.353000006126322,178,Zeerijp,0.9,3,1998-10-04T00:00:00.000Z
6.60700000501068,52.974000006235116,179,Deurze,0.8,3,1998-10-20T00:00:00.000Z
6.572000004105328,52.955000006155878,180,Geelbroek,1.3,3,1998-11-01T00:00:00.000Z
6.698000004594995,53.392000006682437,181,Oldenzijl,2,3,1998-12-12T00:00:00.000Z
6.830000004707221,53.215000006044704,182,Slochteren,1.6,3,1998-12-26T00:00:00.000Z
7.057000005155211,52.837000005829964,183,Roswinkel,1.1,2,1999-01-11T00:00:00.000Z
6.777000005048774,53.35900000652547,184,Zeerijp,2.1,3,1999-01-13T00:00:00.000Z
6.82500000379425,53.255000006278095,185,Siddeburen,0.4,3,1999-01-31T00:00:00.000Z
6.792000004906071,53.101000005799072,186,Borgercompagnie,1,3,1999-03-05T00:00:00.000Z
6.778000004010899,53.325000006652132,187,Wirdum,1.6,3,1999-03-06T00:00:00.000Z
7.051000003992691,52.833000005948691,188,Roswinkel,1.3,2,1999-03-12T00:00:00.000Z
7.052000004270605,52.832000006238204,189,Roswinkel,1.5,2,1999-03-17T00:00:00.000Z
6.8400000050846,53.312000006375676,190,Appingedam,1.4,3,1999-04-21T00:00:00.000Z
6.152000003596831,53.111000005878665,191,Rottevalle,1,3,1999-04-22T00:00:00.000Z
7.055000004009131,52.836000006028407,192,Roswinkel,1.4,2,1999-05-06T00:00:00.000Z
6.700000004557888,53.325000006225984,193,Stedum,1.6,3,1999-05-08T00:00:00.000Z
7.052000004381267,52.834000006303327,194,Roswinkel,1.7,2,1999-05-14T00:00:00.000Z
7.052000004381267,52.834000006303327,195,Roswinkel,1.4,2,1999-05-15T00:00:00.000Z
6.815000004968644,53.164000005992818,196,Sappemeer,0.7,3,1999-05-21T00:00:00.000Z
6.402000004226225,53.09700000631652,197,Steenbergen,1.1,3,1999-06-07T00:00:00.000Z
6.62700000452887,52.950000006256673,198,Amen,1.3,3,1999-07-07T00:00:00.000Z
6.727000004467409,53.382000006548189,199,Garsthuizen,1.4,3,1999-08-10T00:00:00.000Z
6.702000004519916,53.346000006404289,200,Westeremden,0.7,3,1999-08-11T00:00:00.000Z
6.795000004252854,53.068000006641803,201,Eexterveen,1.5,3,1999-09-07T00:00:00.000Z
6.813000004643347,53.057000006557892,202,Eexterveen,0.5,3,1999-09-07T00:00:00.000Z
6.718000003937611,53.078000005853895,203,Schipborg,0.4,3,1999-10-18T00:00:00.000Z
6.67800000415378,53.060000006337496,204,Schuilingsoord,0.3,3,1999-10-18T00:00:00.000Z
6.592000004326791,52.941000006032176,205,Amen,1.7,3,1999-10-22T00:00:00.000Z
6.802000004058542,53.179000006514215,206,Achterdiep,1.1,3,1999-12-08T00:00:00.000Z
6.803000004553893,53.246000006182179,207,Schildwolde,1.1,3,1999-12-09T00:00:00.000Z
6.797000004880517,53.184000006364883,208,Achterdiep,1,3,1999-12-09T00:00:00.000Z
6.792000004401107,53.175000005864646,209,Achterdiep,1.4,3,1999-12-10T00:00:00.000Z
6.710000004418505,53.352000006431879,210,Westeremden,1.5,3,1999-12-20T00:00:00.000Z
6.765000004987574,53.190000006020689,211,Kolham,1,3,1999-12-21T00:00:00.000Z
6.947000004697205,53.320000006535963,212,Delfzijl,1.8,3,1999-12-24T00:00:00.000Z
7.048000005025797,52.835000005893484,213,Roswinkel,2.8,2,1999-12-31T00:00:00.000Z
7.043000005335706,52.834000006478746,214,Roswinkel,1.1,2,2000-01-07T00:00:00.000Z
6.655000003925498,53.077000006511561,215,Schipborg,0.6,3,2000-01-10T00:00:00.000Z
6.822000003937737,53.321000006609673,216,Appingedam,1.7,3.5,2000-02-12T00:00:00.000Z
6.698000003851402,53.343000006353812,217,Westeremden,1.6,3,2000-03-19T00:00:00.000Z
7.045000004198637,52.835000005899339,218,Roswinkel,0.8,2,2000-03-27T00:00:00.000Z
6.750000004867296,52.685000005815546,219,Dalen,1.3,3,2000-04-01T00:00:00.000Z
6.632000004772082,53.205000006505387,220,Engelbert,1.2,3,2000-04-08T00:00:00.000Z
6.845000003898225,53.370000006558044,221,Godlinze,1.1,3,2000-04-08T00:00:00.000Z
6.77200000375319,53.308000006623637,222,Ten Boer,1.2,3,2000-04-14T00:00:00.000Z
6.710000004679854,53.380000006419927,223,Garsthuizen,1.9,3,2000-05-16T00:00:00.000Z
6.813000005052082,53.087000005946926,224,Annerveenschekanaal,1.1,3,2000-06-09T00:00:00.000Z
6.763000003903557,53.348000006077896,225,Loppersum,2,3,2000-06-11T00:00:00.000Z
6.742000005053137,53.340000005994334,226,Loppersum,2.5,3,2000-06-12T00:00:00.000Z
6.847000005283695,53.280000005906111,227,Siddeburen,2.5,3,2000-06-15T00:00:00.000Z
6.75200000517043,53.340000005964569,228,Loppersum,1.2,3,2000-07-06T00:00:00.000Z
6.575000004707372,53.064000006182233,229,Vries,1,3,2000-07-10T00:00:00.000Z
6.565000004914941,53.079000005847718,230,Vries,1.1,3,2000-07-13T00:00:00.000Z
6.782000004193341,53.367000006059648,231,t-Zandt,1.5,3,2000-07-16T00:00:00.000Z
6.820000004872488,53.076000006006133,232,Annerveenschekanaal,1,3,2000-09-22T00:00:00.000Z
6.79300000383077,53.082000006258824,233,Annerveenschekanaal,2.2,3,2000-09-22T00:00:00.000Z
6.788000003878864,53.081000006559371,234,Annerveenschekanaal,1,2.7,2000-09-23T00:00:00.000Z
7.052000004270605,52.832000006238204,235,Roswinkel,3.2,2.3,2000-10-25T00:00:00.000Z
6.608000004504293,52.97700000577337,236,Deurze,0.3,3,2000-11-12T00:00:00.000Z
6.812000003983322,53.108000006595532,237,Borgercompagnie,0.4,3,2000-12-23T00:00:00.000Z
6.910000004202139,53.29400000625597,238,Meedhuizen,1.4,3,2000-12-26T00:00:00.000Z
6.822000004984806,53.072000006353427,239,Annerveenschekanaal,0.8,3,2001-02-26T00:00:00.000Z
6.692000003800002,53.243000005946591,240,Lageland,1.6,3,2001-03-18T00:00:00.000Z
6.567000003575406,52.948000006136425,241,Geelbroek,1.5,3,2001-04-28T00:00:00.000Z
6.575000004900313,52.959000006346685,242,Eleveld,1.1,3,2001-04-28T00:00:00.000Z
7.053000004581708,52.833000005663848,243,Roswinkel,2.4,2,2001-04-28T00:00:00.000Z
6.61200000497313,53.173000006028431,244,Hoornsedijk,1.4,3,2001-05-17T00:00:00.000Z
6.753000004777701,53.049000006300005,245,Annen,0.5,3,2001-06-10T00:00:00.000Z
6.820000005037299,53.079000006099484,246,Annerveenschekanaal,1,3,2001-06-19T00:00:00.000Z
6.800000004495732,53.295000006111607,247,Overschild,1.7,3,2001-06-21T00:00:00.000Z
6.845000004207153,53.097000006274151,248,Veendam,0.3,3,2001-08-07T00:00:00.000Z
4.713000001963949,52.651000005747406,249,Alkmaar,3.5,2,2001-09-09T00:00:00.000Z
4.711000003195712,52.654000006222638,51,Alkmaar,3,2.5,1994-08-06T00:00:00.000Z
6.698000004082835,53.061000005875748,52,Annen,2.3,3,1994-08-16T00:00:00.000Z
6.575000004378044,53.402000006479987,53,Warffum,1.4,3,1994-09-07T00:00:00.000Z
6.915000004104349,52.714000006187078,54,Emmen,1.7,3,1994-09-09T00:00:00.000Z
4.708000003253308,52.658000006276851,55,Alkmaar,3.2,2.5,1994-09-21T00:00:00.000Z
6.880000004588456,52.670000006250021,56,Schoonebeek,1.3,3,1994-09-23T00:00:00.000Z
6.737000004936384,53.246000005993459,57,Schildwolde,1.2,3,1994-10-26T00:00:00.000Z
6.815000003874726,53.282000006120981,58,Steendam,1,3,1994-12-13T00:00:00.000Z
6.897000004308315,53.316000006213869,59,Amsweer,1.3,3,1995-01-24T00:00:00.000Z
6.720000004016899,53.063000005839413,60,Annen,2,3,1995-01-31T00:00:00.000Z
6.775000004818401,53.079000005826316,61,Veendam,1.2,3,1995-02-01T00:00:00.000Z
6.913000005258792,53.438000006366323,62,Doekegat,1.1,3,1995-03-21T00:00:00.000Z
6.680000003665557,53.360000005991324,63,Loppersum,2,3,1995-04-06T00:00:00.000Z
6.668000003723222,53.084000006161546,64,Zuidlaren,0.7,3,1995-04-26T00:00:00.000Z
6.945000003898382,53.309000005933662,65,Weiwerd,1.8,3,1995-05-15T00:00:00.000Z
6.358000003997482,53.190000006472147,66,Boerakker,0.9,3,1995-06-03T00:00:00.000Z
7.030000004358413,52.832000005899708,67,Roswinkel,2.7,2,1995-06-20T00:00:00.000Z
6.823000003915684,53.206000006511225,68,Veenhuizen,1,3,1995-07-15T00:00:00.000Z
6.963000004069321,53.27600000599098,69,Meedhuizen,1.1,3,1995-07-21T00:00:00.000Z
6.728000004968637,53.335000006175996,70,Wirdumerdraai,1.1,3,1995-09-13T00:00:00.000Z
6.492000004210579,53.129000005920417,71,Altena,1.3,3,1995-10-18T00:00:00.000Z
6.718000004974098,53.352000006266529,72,Loppersum,1.6,3,1995-11-02T00:00:00.000Z
6.722000004098026,53.470000006797306,73,Uithuizerwad,1.8,3,1995-11-04T00:00:00.000Z
6.762000004068291,53.315000006456742,74,Steendam,1.1,3,1995-11-20T00:00:00.000Z
4.847000001989135,52.511000005841353,75,PolderWormer,2.3,3,1995-12-24T00:00:00.000Z
7.048000004469784,52.845000006385781,76,Emmen,1.2,3,1995-12-30T00:00:00.000Z
6.767000003773955,53.256000006149527,77,Schaaphok,0.9,3,1996-02-12T00:00:00.000Z
6.908000005204134,52.76100000598192,78,Emmen,1.8,3,1996-02-24T00:00:00.000Z
7.062000004890666,52.838000006318964,79,Roswinkel,0.9,1.5,1996-02-25T00:00:00.000Z
6.640000003627944,53.343000006652787,80,Eppenhuizen,2,3,1996-02-29T00:00:00.000Z
7.062000004890666,52.838000006318964,81,Roswinkel,1.6,1.5,1996-03-06T00:00:00.000Z
6.790000004036942,53.064000005780343,82,Eexterveen,1.1,3,1996-03-12T00:00:00.000Z
7.059000005458636,52.838000005988022,83,Roswinkel,2.6,2,1996-03-12T00:00:00.000Z
6.653000004389855,53.072000006100581,84,Schuilingsoord,0.8,3,1996-03-12T00:00:00.000Z
7.064000004643378,52.838000006249558,85,Roswinkel,1.1,2,1996-03-14T00:00:00.000Z
6.848000005230642,53.298000006487555,86,Appingedam,1.4,3,1996-03-16T00:00:00.000Z
7.054000005248123,52.833000006417478,87,Roswinkel,1.8,2,1996-03-21T00:00:00.000Z
6.608000004316768,52.940000006614596,88,Amen,0.6,3,1996-04-01T00:00:00.000Z
6.790000004845838,53.067000006636732,89,Nieuw-Annerveen,0.1,3,1996-04-01T00:00:00.000Z
6.798000004040954,53.060000005877363,90,Spijkerboor,1.1,3,1996-04-09T00:00:00.000Z
6.688000004336038,53.289000006602187,91,Ten Boer,0.9,3,1996-04-15T00:00:00.000Z
6.883000004220375,53.357000006575376,92,Holwierde,0.9,3,1996-04-17T00:00:00.000Z
6.595000003800669,53.376000006575005,93,Warffum,0.5,3,1996-04-21T00:00:00.000Z
6.863000005137865,53.356000006668843,94,Delfzijl,0.9,3,1996-04-25T00:00:00.000Z
6.780000005053783,53.085000006245629,95,Annerveenschekanaal,1.1,3,1996-06-07T00:00:00.000Z
6.778000003939014,53.309000006728382,96,Garrelsweer,1.3,3,1996-06-07T00:00:00.000Z
6.832000004571723,53.082000006224007,97,Annerveenschekanaal,0.7,3,1996-06-07T00:00:00.000Z
6.568000004728518,52.947000006425483,98,Eleveld,1.6,3,1996-06-16T00:00:00.000Z
6.803000004567202,53.053000006243998,99,Spijkerboor,0.8,3,1996-07-03T00:00:00.000Z
6.738000004648129,52.724000006118253,100,Wachtum,1.6,3,1996-08-04T00:00:00.000Z
6.658000004106905,53.243000006518976,500,Garmerwolde,1.1,3,2008-01-07T00:00:00.000Z
6.773000004753849,53.196000005876058,501,Bedum,1.5,3,2008-01-24T00:00:00.000Z
6.7830000045915,53.311000005998473,502,Garrelsweer,0.9,3,2008-02-12T00:00:00.000Z
6.682000004353495,53.082000006176891,503,Westlaren,1.8,3,2008-02-17T00:00:00.000Z
6.762000003970811,53.183000006410751,504,Froombosch,0.9,3,2008-02-19T00:00:00.000Z
6.565000003565067,53.348000006504179,505,Onderdendam,1.2,3,2008-03-19T00:00:00.000Z
6.842000004481942,53.292000006143283,506,Steendam,1.4,3,2008-03-29T00:00:00.000Z
6.700000004319821,53.346000006748135,507,Westeremden,1.2,3,2008-03-31T00:00:00.000Z
6.5920000044516,52.946000006168106,508,Eleveld,1.9,3,2008-04-02T00:00:00.000Z
6.595000003713652,52.947000005951175,509,Eleveld,2.5,3,2008-04-02T00:00:00.000Z
6.897000004724452,53.294000005915599,510,Meedhuizen,1.2,3,2008-04-07T00:00:00.000Z
6.875000004127677,53.283000006473287,511,Tjuchem,1.1,3,2008-04-11T00:00:00.000Z
6.557000004141202,53.312000006144608,512,Westerdijkshorn,0.9,3,2008-04-15T00:00:00.000Z
6.770000004138799,53.068000006571999,513,Nieuw-Annerveen,1.8,3,2008-04-22T00:00:00.000Z
6.860000004407719,53.258000006149196,514,Siddeburen,1.3,3,2008-04-28T00:00:00.000Z
6.590000003913978,53.333000006518517,515,Onderdendam,1,3,2008-05-05T00:00:00.000Z
6.725000004276434,53.286000006473479,516,Ten Post,1.3,3,2008-05-09T00:00:00.000Z
6.728000003833298,53.327000006670374,517,Loppersum,1.2,3,2008-05-10T00:00:00.000Z
6.728000004413206,53.375000006185047,518,Garsthuizen,2.2,2.8,2008-05-18T00:00:00.000Z
6.740000003746462,53.325000006041684,519,Loppersum,1.9,3,2008-05-19T00:00:00.000Z
6.633000004498078,53.408000006043522,520,Usquert,1.3,3,2008-05-30T00:00:00.000Z
6.782000003987662,53.308000006397279,521,Garrelsweer,1.3,3,2008-06-01T00:00:00.000Z
6.785000004162375,53.310000006640877,522,Garrelsweer,0.9,3,2008-06-10T00:00:00.000Z
4.362000002829368,52.864000005803135,523,Noordzee,2.1,3.5,2008-06-15T00:00:00.000Z
6.842000003867057,53.248000006448997,524,Siddeburen,0.9,3,2008-06-22T00:00:00.000Z
6.855000005208225,53.109000006617308,525,Veendam,1.1,3,2008-06-23T00:00:00.000Z
6.882000004882445,53.350000006195984,526,Holwierde,2.5,3,2008-07-10T00:00:00.000Z
6.663000003938936,53.212000005922455,527,Engelbert,1.2,3,2008-07-23T00:00:00.000Z
6.908000005204134,52.76100000598192,528,Emmen,2,3,2008-08-05T00:00:00.000Z
6.725000003875693,53.330000005951163,529,Loppersum,0.9,3,2008-08-23T00:00:00.000Z
6.565000004174547,52.949000006579539,530,Eleveld,2.3,3,2008-08-26T00:00:00.000Z
6.622000003782439,53.3310000061606,531,Westerwijtwerd,1.1,3,2008-09-14T00:00:00.000Z
6.803000004985832,53.054000005758496,532,Eexterveen,1,3,2008-09-15T00:00:00.000Z
6.707000004150079,53.238000006501899,533,Lageland,1.3,3,2008-09-20T00:00:00.000Z
6.602000004952647,53.379000006001725,534,Warffum,1.8,3,2008-09-29T00:00:00.000Z
4.372000001585517,52.700000005775316,535,Noordzee,2.6,3,2008-10-11T00:00:00.000Z
6.805000004932828,53.243000006010043,536,Schildwolde,1.1,3,2008-10-26T00:00:00.000Z
6.553000004826265,52.944000006481971,537,Geelbroek,1.7,3,2008-10-26T00:00:00.000Z
6.710000004032513,53.3300000062655,538,Stedum,1.4,3,2008-10-29T00:00:00.000Z
6.720000004850298,53.337000006555954,539,Westeremden,3.2,3,2008-10-30T00:00:00.000Z
6.735000003892946,53.381000006201255,540,Garsthuizen,2.2,3,2008-11-07T00:00:00.000Z
6.763000004829749,53.083000006149824,541,Spijkerboor,0.7,3,2008-11-10T00:00:00.000Z
6.792000003878869,53.048000005940004,542,Eexterveen,1.2,3,2008-11-16T00:00:00.000Z
6.828000004661146,53.279000005918789,543,Tetjehorn,1.1,3,2008-12-10T00:00:00.000Z
6.600000003745196,53.336000006242003,544,Onderdendam,1.5,3,2008-12-15T00:00:00.000Z
6.710000004673805,53.403000006345906,545,Oldenzijl,1.4,3,2008-12-23T00:00:00.000Z
6.582000004863836,53.065000005933811,546,Vries,1.2,3,2008-12-24T00:00:00.000Z
6.718000004322199,53.0950000063171,547,Zuidlaren,1.5,3,2009-01-01T00:00:00.000Z
6.902000005305861,53.330000006668939,548,Delfzijl,1.2,3,2009-01-01T00:00:00.000Z
6.77200000521615,53.366000006448793,549,Loppersum,1.7,3,2009-01-01T00:00:00.000Z
6.717000004303073,53.348000006781383,550,Westeremden,1.7,3,2009-01-08T00:00:00.000Z
6.713000003933653,53.341000006479398,551,Westeremden,1.9,3,2009-01-09T00:00:00.000Z
6.872000005306604,53.339000006732476,552,Marsum,1,3,2009-01-15T00:00:00.000Z
6.79500000486544,53.170000006680944,553,Sappemeer,1.1,3,2009-01-17T00:00:00.000Z
6.740000003834784,53.360000006233143,554,Westeremden,2.2,3,2009-02-01T00:00:00.000Z
6.875000003826877,53.315000006018664,555,Appingedam,1.2,3,2009-02-03T00:00:00.000Z
6.742000004796565,53.376000006232253,556,Garsthuizen,1.7,3,2009-02-04T00:00:00.000Z
6.923000004487213,53.328000006316472,557,Delfzijl,1.1,3,2009-02-05T00:00:00.000Z
6.800000004825001,53.298000006238091,558,Overschild,1.4,3,2009-02-16T00:00:00.000Z
6.647000004342932,53.118000006268304,559,Midlaren,0.8,3,2009-02-22T00:00:00.000Z
6.830000003796367,53.132000006274836,560,Tripscompagnie,1,3,2009-02-23T00:00:00.000Z
6.650000004797136,53.119000006581679,561,Midlaren,0.5,3,2009-02-26T00:00:00.000Z
6.647000004342932,53.118000006268304,562,Midlaren,1.1,3,2009-02-26T00:00:00.000Z
6.647000004108556,53.119000005968353,563,Midlaren,0.8,3,2009-03-05T00:00:00.000Z
6.64500000382767,53.117000006440172,564,Midlaren,0.6,3,2009-03-12T00:00:00.000Z
6.64500000382767,53.117000006440172,565,Midlaren,0.5,3,2009-03-12T00:00:00.000Z
6.647000004772981,53.117000006254322,566,Midlaren,0.8,3,2009-03-12T00:00:00.000Z
6.647000004772981,53.117000006254322,567,Midlaren,0.6,3,2009-03-12T00:00:00.000Z
6.902000005362296,53.350000006670321,568,Delfzijl,1.2,3,2009-03-13T00:00:00.000Z
6.652000004104856,53.119000006307061,569,Midlaren,1,3,2009-03-14T00:00:00.000Z
6.643000004999799,53.118000006688007,570,Midlaren,1,3,2009-03-14T00:00:00.000Z
6.637000005087581,53.116000006238067,571,Midlaren,0.5,3,2009-03-14T00:00:00.000Z
6.65200000485408,53.121000006478212,572,Midlaren,0.4,3,2009-03-17T00:00:00.000Z
6.648000003808569,53.120000006294092,573,Midlaren,0.5,3,2009-03-17T00:00:00.000Z
6.648000004654112,53.119000005829299,574,Midlaren,1.4,3,2009-03-17T00:00:00.000Z
6.648000003808569,53.120000006294092,575,Midlaren,1.1,3,2009-03-17T00:00:00.000Z
6.652000004051175,53.118000006648622,576,Midlaren,0.5,3,2009-03-17T00:00:00.000Z
6.653000004031952,53.119000006677084,577,Midlaren,0.5,3,2009-03-17T00:00:00.000Z
6.645000005029035,53.119000006347036,578,Midlaren,0.6,3,2009-03-17T00:00:00.000Z
6.648000003808569,53.120000006294092,579,Midlaren,0.9,3,2009-03-17T00:00:00.000Z
6.648000003808569,53.120000006294092,580,Midlaren,0.9,3,2009-03-17T00:00:00.000Z
6.647000004095972,53.120000006252624,581,Midlaren,0.9,3,2009-03-17T00:00:00.000Z
6.648000004652159,53.121000006428886,582,Midlaren,1,3,2009-03-17T00:00:00.000Z
6.648000003808569,53.120000006294092,583,Midlaren,1,3,2009-03-17T00:00:00.000Z
6.648000003808569,53.120000006294092,584,Midlaren,1,3,2009-03-17T00:00:00.000Z
6.650000003752748,53.120000006493846,585,Midlaren,0.7,3,2009-03-17T00:00:00.000Z
6.650000003752748,53.120000006493846,586,Midlaren,0.7,3,2009-03-17T00:00:00.000Z
6.652000004381221,53.120000006549752,587,Midlaren,1.1,3,2009-03-17T00:00:00.000Z
6.652000004104856,53.119000006307061,588,Midlaren,0.8,3,2009-03-17T00:00:00.000Z
6.653000004942492,53.120000006186878,589,Midlaren,0.9,3,2009-03-18T00:00:00.000Z
6.650000004797136,53.119000006581679,590,Midlaren,0.9,3,2009-03-18T00:00:00.000Z
6.652000004381221,53.120000006549752,591,Midlaren,0.6,3,2009-03-18T00:00:00.000Z
6.642000003944039,53.119000006346781,592,Midlaren,0.5,3,2009-03-20T00:00:00.000Z
6.645000005064281,53.118000006093524,593,Midlaren,0.6,3,2009-03-20T00:00:00.000Z
6.647000004095972,53.120000006252624,594,Midlaren,0.5,3,2009-03-20T00:00:00.000Z
6.648000003808569,53.120000006294092,595,Midlaren,0.6,3,2009-03-20T00:00:00.000Z
6.655000005119067,53.120000006491885,596,Midlaren,0.4,3,2009-03-20T00:00:00.000Z
6.63800000438816,53.117000006073461,597,Midlaren,0.5,3,2009-03-20T00:00:00.000Z
6.648000004198301,53.122000006265026,598,Midlaren,0.2,3,2009-03-21T00:00:00.000Z
6.652000004381221,53.120000006549752,599,Midlaren,0.5,3,2009-03-21T00:00:00.000Z
6.648000003808569,53.120000006294092,600,Midlaren,1.2,3,2009-03-22T00:00:00.000Z
6.648000004654112,53.119000005829299,601,Midlaren,0.6,3,2009-03-22T00:00:00.000Z
6.810000005061516,53.308000006622912,602,Hoeksmeer,1,3,2009-03-27T00:00:00.000Z
6.680000005087386,53.345000006764089,603,Huizinge,2.6,3,2009-04-14T00:00:00.000Z
6.780000004098671,53.358000006786568,604,t-Zandt,0.9,3,2009-04-14T00:00:00.000Z
6.845000004932097,53.313000006402582,605,Appingedam,2.6,3,2009-04-16T00:00:00.000Z
6.808000004808824,53.296000005907764,606,Wirdumerpolder,1.5,3,2009-04-20T00:00:00.000Z
6.720000003797827,53.222000006115216,607,Harkstede,1.2,3,2009-05-01T00:00:00.000Z
6.782000004528202,53.356000006071135,608,t-Zand,1.8,3,2009-05-04T00:00:00.000Z
6.77800000439102,53.379000006058895,609,t-Zand,1.4,3,2009-05-07T00:00:00.000Z
6.728000004020061,53.316000005885726,610,Winneweer,1.6,3,2009-05-07T00:00:00.000Z
6.723000004956965,53.253000006466813,611,Lageland,1.2,3,2009-05-07T00:00:00.000Z
6.762000004762172,53.354000006684025,612,Zeerijp,3,3,2009-05-08T00:00:00.000Z
6.715000004506479,53.142000006426684,613,Kropswolde,0.9,3,2009-05-08T00:00:00.000Z
6.835000004222304,53.076000005884289,614,Annerveenschekanaal,1.3,3,2009-05-22T00:00:00.000Z
6.930000004860931,53.302000006009528,615,Meedhuizen,1.3,3,2009-05-26T00:00:00.000Z
6.928000004866156,53.314000006172158,616,Meedhuizen,1.3,3,2009-05-26T00:00:00.000Z
6.878000003850341,53.230000006323927,617,Siddeburen,0.9,3,2009-06-01T00:00:00.000Z
6.813000004077249,53.286000006192168,618,Overschild,1,3,2009-06-15T00:00:00.000Z
6.755000005201969,53.307000006320237,619,Winneweer,1.8,3,2009-07-05T00:00:00.000Z
6.835000004626282,53.226000006079268,620,Schildwolde,1.2,3,2009-07-05T00:00:00.000Z
4.308000002787312,52.773000005740762,621,Noordzee,2.7,3,2009-07-14T00:00:00.000Z
6.765000004815692,53.290000006015688,622,Wittewierum,1.7,3,2009-07-22T00:00:00.000Z
6.632000004552686,53.231000006680517,623,Middelbert,0.7,3,2009-08-19T00:00:00.000Z
6.845000004385485,53.278000006595633,624,Steendam,1.3,3,2009-09-14T00:00:00.000Z
6.802000003997137,53.314000006142166,625,Eekwerderdraai,1.6,3,2009-09-29T00:00:00.000Z
6.863000005105005,52.790000006454271,626,Westenesch,1.4,3,2009-11-02T00:00:00.000Z
6.748000004909223,53.145000006526146,627,Hoogezand,1.6,3,2009-11-18T00:00:00.000Z
6.817000004893418,53.071000006515227,628,Annerveenschekanaal,1.1,3.5,2009-11-19T00:00:00.000Z
6.588000003756474,52.972000006055232,629,Assen,0.9,3,2009-11-19T00:00:00.000Z
6.747000004586817,53.321000006199782,630,Winneweer,1.2,3,2009-11-20T00:00:00.000Z
6.113000003582743,52.892000006628315,631,De Hoeve (Fr),2.8,3,2009-11-26T00:00:00.000Z
6.83300000516259,53.291000006493007,632,Laskwerd,1.1,3,2009-12-02T00:00:00.000Z
6.743000004495796,53.284000006230272,633,Wittewierum,2.3,3,2009-12-04T00:00:00.000Z
6.92300000423687,53.451000006710409,634,Doekegat,1.3,3,2009-12-07T00:00:00.000Z
6.743000004974092,53.22400000667826,635,Woudbloem,1.5,3,2009-12-21T00:00:00.000Z
6.760000004630757,53.310000006070204,636,Garrelsweer,1.5,3,2009-12-23T00:00:00.000Z
6.750000004863768,53.227000006057985,637,Woudbloem,0.7,3,2009-12-25T00:00:00.000Z
6.665000004521992,53.367000006641668,638,Winneweer,1.7,3,2010-01-09T00:00:00.000Z
6.817000004988586,53.293000006317442,639,Hoeksmeer,1.2,3,2010-01-14T00:00:00.000Z
6.767000003872354,53.084000005796263,640,Oud-Annerveen,0.3,3,2010-02-11T00:00:00.000Z
6.792000004550287,53.192000006382862,641,Froombosch,1.2,3,2010-02-17T00:00:00.000Z
6.802000004803316,53.288000006160338,642,Overschild,1.8,3,2010-02-19T00:00:00.000Z
6.792000005253827,53.342000006700381,643,Eenum,1.4,3,2010-03-04T00:00:00.000Z
6.777000004069616,53.190000006133047,644,Froombosch,2.4,3,2010-03-31T00:00:00.000Z
6.658000003909111,53.346000006417491,645,Middelstum,1.4,3,2010-04-03T00:00:00.000Z
6.800000004253243,53.318000006125644,646,Eekwerderdraai,1.6,3,2010-04-25T00:00:00.000Z
6.850000005027531,53.157000005934833,647,Zuidbroek,1,3,2010-04-25T00:00:00.000Z
4.71200000325674,52.653000006529965,250,Alkmaar,3.2,2,2001-09-10T00:00:00.000Z
4.648000002732503,52.682000005837885,251,Bergen-aan-Zee,2.7,2.9,2001-10-10T00:00:00.000Z
6.763000005076053,53.239000006597287,252,Schaaphok,1,3,2001-10-10T00:00:00.000Z
6.763000004900045,53.240000006324259,253,Schaaphok,0.8,3,2001-10-10T00:00:00.000Z
7.377000005441629,53.694000006539582,254,Appingedam,1.4,3,2001-11-12T00:00:00.000Z
6.785000005060545,53.204000006056098,255,Woudbloem,0.2,3,2001-12-04T00:00:00.000Z
6.785000005060545,53.204000006056098,256,Woudbloem,0,3,2001-12-04T00:00:00.000Z
6.74300000452984,53.210000006263058,257,Woudbloem,1,3,2001-12-04T00:00:00.000Z
6.788000004517492,53.217000006528323,258,Slochteren,0.7,3,2001-12-11T00:00:00.000Z
6.838000005117555,53.081000005826674,259,Veendam,0.5,3,2001-12-20T00:00:00.000Z
6.682000004506393,53.397000006211705,260,Zandeweer,1.1,3,2001-12-25T00:00:00.000Z
6.805000004624043,53.05700000599991,261,Eexterveen,-0.2,3,2001-12-26T00:00:00.000Z
6.717000004535723,53.319000006397772,262,Stedum,2.2,3,2002-02-05T00:00:00.000Z
7.035000005030286,52.831000006403741,263,Roswinkel,2.1,2,2002-02-14T00:00:00.000Z
6.827000004596915,53.33700000671768,264,Oosterwijtwerd,1.1,3,2002-02-27T00:00:00.000Z
6.543000004480378,53.093000006520136,265,Donderen,0.4,3,2002-03-17T00:00:00.000Z
6.787000004316683,53.072000006469104,266,Nieuw-Annerveen,1.7,3,2002-04-14T00:00:00.000Z
6.857000003850114,53.378000006361276,267,Bierum,1.7,3,2002-05-10T00:00:00.000Z
6.58000000441317,52.943000006322556,268,Geelbroek,1.5,3,2002-05-11T00:00:00.000Z
6.58500000484941,52.956000005981174,269,Eleveld,1,3,2002-05-22T00:00:00.000Z
6.450000003467039,52.968000006179096,270,Smilde,1.8,3,2002-06-28T00:00:00.000Z
6.783000004912318,53.188000006707497,271,Froombosch,1.6,3,2002-07-18T00:00:00.000Z
6.565000003981495,52.947000005964313,272,Geelbroek,1.6,3,2002-07-27T00:00:00.000Z
6.657000004464881,53.055000006583846,273,Oudemolen,0.9,3,2002-08-05T00:00:00.000Z
6.747000003794856,53.247000006356132,274,Luddeweer,0,3,2002-08-29T00:00:00.000Z
6.56300000463642,52.508000006097589,275,Mariënberg,0.9,3,2002-09-05T00:00:00.000Z
6.842000004046603,53.11200000616904,276,Veendam,0.6,3,2002-09-06T00:00:00.000Z
6.680000004717367,53.056000005886183,277,Annen,0.6,3,2002-09-22T00:00:00.000Z
6.63800000485152,53.035000006296876,278,Annen,0.5,3,2002-09-22T00:00:00.000Z
6.815000004130354,53.10600000583937,279,Veendam,0.9,3,2002-10-12T00:00:00.000Z
7.045000005021747,52.834000006029449,280,Roswinkel,0.9,2,2002-10-14T00:00:00.000Z
6.768000004813239,53.068000006279583,281,Spijkerboor,1.3,1.8,2002-10-19T00:00:00.000Z
6.832000005047463,52.676000006342704,282,Coevorden,1.4,3,2002-12-14T00:00:00.000Z
6.718000004118866,53.092000006606654,283,Zuidlaren,1.4,3,2002-12-16T00:00:00.000Z
6.860000004316944,53.291000006328126,284,Tjuchem,0.9,3,2002-12-17T00:00:00.000Z
6.847000004465287,53.175000005945641,285,Spitsbergen,0.8,3,2002-12-18T00:00:00.000Z
7.042000005006532,52.833000006360265,286,Roswinkel,1.4,2,2002-12-24T00:00:00.000Z
6.743000004796193,53.337000006758828,287,Loppersum,1,3,2003-01-01T00:00:00.000Z
6.413000003660291,52.971000006339494,288,Smilde,1.7,3,2003-01-13T00:00:00.000Z
6.770000004772536,53.287000006717356,289,Overschild,1,3,2003-01-18T00:00:00.000Z
6.75200000445485,53.30700000624573,290,Winneweer,1.6,3,2003-01-23T00:00:00.000Z
6.793000004615356,53.34200000647634,291,Leermens,1.5,3,2003-01-30T00:00:00.000Z
6.782000005193701,53.232000006070344,292,Denemarken,0.3,3,2003-01-31T00:00:00.000Z
6.588000005015517,52.950000006262954,293,Eleveld,2,3,2003-02-02T00:00:00.000Z
6.768000004611594,53.25900000645283,294,De Paauwen,0.3,3,2003-02-06T00:00:00.000Z
6.773000003903631,53.352000006430579,295,Zeerijp,1.3,3,2003-02-11T00:00:00.000Z
6.812000003990524,53.262000006333999,296,De Paauwen,0.8,3,2003-02-12T00:00:00.000Z
6.122000003485567,53.146000006033361,297,Rottevalle,1.8,3,2003-02-14T00:00:00.000Z
6.730000004621588,53.355000006501371,298,Westeremden,0.7,3,2003-02-28T00:00:00.000Z
6.66200000482538,53.360000006039257,299,Middelstum,2.2,3,2003-03-03T00:00:00.000Z
6.753000004466354,53.141000006380956,300,Hoogezand,0.9,3,2003-03-06T00:00:00.000Z
6.64000000380913,53.37200000606866,301,Kantens,1.1,3,2003-03-09T00:00:00.000Z
6.783000003892329,53.457000005961802,302,Emmapolder(Eemshaven),1.5,3,2003-03-23T00:00:00.000Z
6.682000004683522,53.237000006067781,303,Harkstede,0.4,3,2003-03-29T00:00:00.000Z
6.852000004371742,53.364000006510182,304,Oldenklooster,0.3,3,2003-04-01T00:00:00.000Z
6.71800000436075,53.340000006552089,305,Loppersum,1.9,3,2003-04-02T00:00:00.000Z
6.630000003639481,53.209000006070291,306,Engelbert,0.3,3,2003-04-05T00:00:00.000Z
6.795000005228972,53.272000006192052,307,Overschild,0.1,3,2003-04-06T00:00:00.000Z
6.750000004243709,53.205000005862388,308,Ruiten,1,3,2003-04-06T00:00:00.000Z
6.763000004895311,53.206000006065963,309,Ruiten,0.7,3,2003-04-06T00:00:00.000Z
6.775000005174417,53.281000006382357,310,Overschild,0.7,3,2003-04-16T00:00:00.000Z
6.753000005077791,53.23800000664739,311,Schaaphok,0,3,2003-04-18T00:00:00.000Z
6.75000000452343,53.246000006567243,312,Schaaphok,0.1,3,2003-04-20T00:00:00.000Z
6.727000004808965,53.28300000621266,313,Ten Boer,1,3,2003-04-28T00:00:00.000Z
6.730000004325181,53.284000006580527,314,Ten Boer,1.3,3,2003-04-29T00:00:00.000Z
6.865000003940449,53.254000006279057,315,Siddeburen,0.8,3,2003-05-14T00:00:00.000Z
6.847000005267812,53.257000006051058,316,Siddeburen,0.8,3,2003-05-14T00:00:00.000Z
6.765000004886767,53.072000006087904,317,Annen,1.1,3,2003-05-21T00:00:00.000Z
6.823000004052283,53.084000005819085,318,Muntendam,0.6,3,2003-05-23T00:00:00.000Z
6.875000004666993,53.24700000627606,319,Siddeburen,0.8,3,2003-05-31T00:00:00.000Z
6.683000005137767,53.33700000612609,320,Stedum,1.5,3,2003-06-03T00:00:00.000Z
6.682000004765774,53.225000005900391,321,Harkstede,0.7,3,2003-06-06T00:00:00.000Z
6.788000004494159,53.192000006091376,322,Froombosch,1,3,2003-06-08T00:00:00.000Z
6.737000004056113,53.271000006369817,323,Woltersum,1.5,3,2003-06-08T00:00:00.000Z
6.407000004143814,52.96300000585525,324,Smilde,2.3,2.6,2003-06-16T00:00:00.000Z
6.55800000369037,52.975000006531573,325,Assen,1.1,3,2003-08-05T00:00:00.000Z
6.75800000458487,53.349000006063314,326,Zeerijp,1.7,3,2003-08-07T00:00:00.000Z
6.748000005147035,53.345000005934565,327,Zeerijp,1.3,3,2003-08-07T00:00:00.000Z
6.815000004130354,53.10600000583937,328,Veendam,0.5,3,2003-08-20T00:00:00.000Z
6.792000003913891,53.108000006294297,329,Kiel-Windeweer,0.7,3,2003-08-25T00:00:00.000Z
6.795000003803127,53.10800000655847,330,Kiel-Windeweer,0.9,3,2003-08-25T00:00:00.000Z
6.688000004785088,53.395000006259842,331,Uithuizen,2.4,3,2003-09-22T00:00:00.000Z
6.697000003658776,53.348000006051663,332,Westeremden,2.7,3,2003-09-27T00:00:00.000Z
7.055000004435391,52.835000005980682,333,Roswinkel,1.6,2,2003-10-11T00:00:00.000Z
6.792000004435385,53.295000006089687,334,Hoeksmeer,3,3,2003-10-24T00:00:00.000Z
6.788000004214464,53.304000005932267,335,Hoeksmeer,1.2,3,2003-10-26T00:00:00.000Z
6.783000004253537,53.192000006191442,336,Froombosch,1,3,2003-10-29T00:00:00.000Z
6.69000000395676,53.325000006764604,337,Stedum,3,3,2003-11-10T00:00:00.000Z
6.710000004518959,53.349000006328552,338,Westeremden,1.4,3,2003-11-10T00:00:00.000Z
6.702000004597381,53.344000006320897,339,Stedum,2.7,3,2003-11-16T00:00:00.000Z
6.802000003934948,53.320000006513098,340,Garrelsweer,1.4,3,2003-12-26T00:00:00.000Z
6.755000004554514,53.084000006452534,341,Spijkerboor,-0.6,3,2003-12-26T00:00:00.000Z
6.762000005140727,53.080000005935332,342,Spijkerboor,-0.3,3,2003-12-28T00:00:00.000Z
6.93800000483603,53.343000006435616,343,Delfzijl,1.5,3,2003-12-29T00:00:00.000Z
6.74500000476736,53.189000006579469,344,Kolham,1.6,3,2004-01-12T00:00:00.000Z
6.720000003980101,53.271000005989386,345,Woltersum,1,3,2004-01-24T00:00:00.000Z
6.868000004980123,53.314000006581679,346,Appingedam,1.2,3,2004-01-30T00:00:00.000Z
6.845000003879982,53.103000006288745,347,Veendam,0.2,3,2004-03-07T00:00:00.000Z
6.895000004418416,53.292000006428744,348,Meedhuizen,0.4,3,2004-03-08T00:00:00.000Z
6.880000003916596,53.090000005987626,349,Veendam,1,3,2004-03-16T00:00:00.000Z
6.918000005055788,53.255000006238902,350,Wagenborgen,1.4,3,2004-03-21T00:00:00.000Z
6.862000005117197,53.2730000059153,351,Steendam,0.5,3,2004-03-26T00:00:00.000Z
6.800000004183288,53.041000006276114,352,Eexterveen,1,3,2004-04-15T00:00:00.000Z
6.712000004105401,53.230000006147222,353,Lageland,0.5,3,2004-04-30T00:00:00.000Z
6.525000004855405,53.31000000637507,354,Garnwerd,1.4,3,2004-05-24T00:00:00.000Z
6.50800000467889,53.308000006118313,355,Garnwerd,0.8,3,2004-05-29T00:00:00.000Z
6.51800000409208,53.313000006720664,356,Garnwerd,0.3,3,2004-05-31T00:00:00.000Z
6.663000003896192,53.391000006572625,357,Doodstil,2.1,3,2004-06-10T00:00:00.000Z
6.568000004729106,52.944000006404778,358,Geelbroek,2.8,3,2004-06-21T00:00:00.000Z
6.875000004866216,53.343000006489781,359,Appingedam,1.2,3,2004-07-27T00:00:00.000Z
6.793000004484975,53.163000006205188,360,Kleinemeer,1.8,3,2004-08-21T00:00:00.000Z
6.585000004076505,52.946000006260341,361,Geelbroek,1,3,2004-08-22T00:00:00.000Z
7.048000004040738,52.834000006274593,362,Roswinkel,1,2,2004-09-06T00:00:00.000Z
6.670000004529045,53.06400000638709,363,Schipborg,0.4,3,2004-09-10T00:00:00.000Z
6.703000004101772,53.416000006570592,364,Uithuizen,1.2,3,2004-09-18T00:00:00.000Z
6.743000004145677,53.311000006473201,365,Winneweer,1.5,3,2004-09-22T00:00:00.000Z
6.833000003865366,53.076000006473656,366,Annerveenschekanaal,1.3,2.5,2004-10-08T00:00:00.000Z
6.778000004674111,53.35600000643737,367,Zeerijp,1.4,3,2004-10-30T00:00:00.000Z
6.6330000040674,52.952000006590261,368,Amerbrug,0.9,3,2004-10-31T00:00:00.000Z
6.802000004393283,53.291000006454986,369,Overschild,1.2,3,2004-11-13T00:00:00.000Z
6.820000005036296,53.11600000667741,370,Borgercompagnie,0.3,3,2004-11-23T00:00:00.000Z
6.753000004001477,53.289000006353085,371,Wittewierum,1.9,3,2004-11-24T00:00:00.000Z
6.772000004710033,53.194000006329752,372,Froombosch,0.6,3,2004-11-25T00:00:00.000Z
6.737000003741553,53.314000006527166,373,Winneweer,1.6,3,2004-11-26T00:00:00.000Z
6.652000004999405,53.231000006378245,374,Engelbert,0.8,3,2004-12-16T00:00:00.000Z
6.797000004026302,53.323000006277546,375,Wirdum,1.7,3,2005-01-09T00:00:00.000Z
6.808000004970955,53.317000005994615,376,Wirdum,1.1,3,2005-01-17T00:00:00.000Z
6.692000004471884,53.277000006701492,377,Ten Boer,1,3,2005-01-30T00:00:00.000Z
6.638000004322901,53.316000005929652,378,Bedum,2.3,3,2005-02-08T00:00:00.000Z
6.60500000463129,52.9550000066195,379,Anreep (Assen),1,3,2005-02-15T00:00:00.000Z
6.793000003789943,53.404000006162072,380,Zijldijk,1.3,3,2005-02-16T00:00:00.000Z
6.673000003817669,53.081000006053451,381,Annen,0.6,3,2005-02-18T00:00:00.000Z
6.735000005089565,53.340000006510792,382,Westeremden,1.3,3,2005-02-18T00:00:00.000Z
6.750000004580103,53.231000006339109,383,Schaaphok,0.5,3,2005-02-18T00:00:00.000Z
6.727000004046564,53.239000006397916,384,Schaaphok,1.6,3,2005-02-18T00:00:00.000Z
6.795000004656165,53.176000006558112,385,Hoogezand,0,3,2005-02-20T00:00:00.000Z
6.812000005167222,53.336000006209225,386,Appingedam,1.6,3,2005-02-25T00:00:00.000Z
6.922000005349721,53.326000006364794,387,Schaapbulten,1.2,3,2005-03-01T00:00:00.000Z
6.915000005327594,53.261000006328942,388,Wagenborgen,0.9,3,2005-03-08T00:00:00.000Z
6.810000003970477,53.342000006227764,389,Oosterwijtwerd,2,3,2005-03-10T00:00:00.000Z
6.76700000416598,53.257000006391507,390,De Paauwen,0.9,3,2005-03-21T00:00:00.000Z
5.850000003152202,53.457000006025638,391,Amelanderwad,1.8,3,2005-03-21T00:00:00.000Z
6.798000004771692,53.270000006267047,392,Overschild,1.2,3,2005-04-02T00:00:00.000Z
6.803000003863438,53.264000005986141,393,Overschild,1,3,2005-04-18T00:00:00.000Z
6.885000005061457,53.291000006432881,394,Tjuchem,0.9,3,2005-04-21T00:00:00.000Z
6.858000004680639,53.334000006161283,395,Appingedam,0.8,3,2005-04-22T00:00:00.000Z
6.700000004459574,53.359000006111359,396,Vierburen,1,3,2005-04-30T00:00:00.000Z
6.893000004173655,53.232000006691592,397,Siddeburen,1,3,2005-05-17T00:00:00.000Z
6.850000003839204,53.194000006014669,398,Noordbroek,1.1,3,2005-05-25T00:00:00.000Z
6.08800000327478,53.374000006380143,399,Morra,1.4,3,2005-05-28T00:00:00.000Z
6.71000000459688,53.343000006661995,400,Westeremden,2.3,3,2005-05-30T00:00:00.000Z
6.818000003848008,53.330000006749501,401,Oosterwijtwerd,1.5,3,2005-06-22T00:00:00.000Z
6.68500000420009,53.238000006704496,402,Lageland,1.1,3,2005-07-09T00:00:00.000Z
6.747000004260629,53.319000006578449,403,Winneweer,1.8,3,2005-07-17T00:00:00.000Z
6.71200000419711,53.21200000657398,404,Harkstede,0.8,3,2005-07-25T00:00:00.000Z
6.810000005108724,53.170000005825123,405,Sappemeer,2.2,3,2005-08-05T00:00:00.000Z
6.772000004290038,53.316000006148315,406,Garrelsweer,1.2,3,2005-09-10T00:00:00.000Z
6.642000004320425,53.331000006343906,407,Eppenhuizen,1.7,3,2005-10-05T00:00:00.000Z
6.450000003748926,52.963000005806457,408,Smilde,2.5,3,2005-10-12T00:00:00.000Z
6.675000003831014,53.366000006639318,409,Diddingehuizen,1.9,3,2005-10-23T00:00:00.000Z
6.697000004995726,53.224000005925248,410,Harkstede,1.4,3,2005-11-11T00:00:00.000Z
6.695000003694171,53.236000005905986,411,Harkstede,1.1,3,2006-01-02T00:00:00.000Z
6.572000004056598,52.95600000633037,412,Eleveld,2.6,3,2006-01-10T00:00:00.000Z
6.767000004455193,53.177000006617988,413,Hoogezand,0.3,3,2006-01-14T00:00:00.000Z
6.765000004815692,53.290000006015688,414,Wittewierum,1.5,3,2006-01-18T00:00:00.000Z
6.773000004507848,53.274000006142877,415,Overschild,1.6,3,2006-01-18T00:00:00.000Z
6.740000004269269,53.336000006247495,416,Loppersum,1.3,3,2006-01-20T00:00:00.000Z
6.697000005068976,53.23700000641368,417,Lageland,1.9,3,2006-01-23T00:00:00.000Z
6.818000004245275,53.380000006160913,418,Spijk,1.1,3,2006-01-28T00:00:00.000Z
6.580000003921833,52.952000006028442,419,Geelbroek,1.1,3,2006-01-29T00:00:00.000Z
6.847000004432734,53.256000006449533,420,Siddeburen,1.3,3,2006-02-11T00:00:00.000Z
6.795000004816778,53.29700000627404,421,Hoeksmeer,1.5,3,2006-02-12T00:00:00.000Z
6.788000004743299,53.312000006620714,422,Wirdumerdraai,1.3,3,2006-02-24T00:00:00.000Z
6.742000004722842,53.144000006448287,423,Kropswolde,1.8,3,2006-03-04T00:00:00.000Z
6.755000003836913,53.302000006204587,424,Ten Post,2.4,3,2006-03-21T00:00:00.000Z
6.778000004724832,53.283000006295985,425,Overschild,2.2,3,2006-03-23T00:00:00.000Z
7.045000005021747,52.834000006029449,426,Roswinkel,2.1,2,2006-03-25T00:00:00.000Z
7.043000005335706,52.834000006478746,427,Roswinkel,1.7,2,2006-03-25T00:00:00.000Z
6.890000004666819,53.344000006312498,428,Delfzijl,1.4,3,2006-04-05T00:00:00.000Z
6.837000003915361,53.270000005966835,429,Steendam,1.2,3,2006-04-12T00:00:00.000Z
6.647000003633526,53.240000006700235,430,Garmerwolde,1.5,3,2006-04-13T00:00:00.000Z
6.783000004980428,53.31000000647893,431,Garrelsweer,1.9,3,2006-04-16T00:00:00.000Z
6.770000004578749,53.313000006134502,432,Garrelsweer,1.1,3,2006-04-16T00:00:00.000Z
6.685000004188834,53.336000006369453,433,Stedum,1.6,3,2006-04-19T00:00:00.000Z
6.752000004095402,53.325000006484338,434,Loppersum,1.5,3,2006-04-22T00:00:00.000Z
6.598000004735939,53.382000005999629,435,Warffum,0.4,3,2006-04-22T00:00:00.000Z
6.883000004471315,53.338000006766748,436,Delfzijl,0.9,3,2006-04-23T00:00:00.000Z
6.537000004856479,53.389000006646214,437,Warffum,1.1,3,2006-04-23T00:00:00.000Z
6.797000004354822,53.31400000645597,438,Wirdumerdraai,1,3,2006-05-02T00:00:00.000Z
6.767000004135801,53.290000006105998,439,Wittewierum,1.2,3,2006-05-03T00:00:00.000Z
6.717000004379314,53.345000005892011,440,Westeremden,1.4,3,2006-05-07T00:00:00.000Z
6.698000004366548,53.241000006682647,441,Lageland,0.9,3,2006-05-22T00:00:00.000Z
6.810000004218119,53.238000005847539,442,Schildwolde,1.4,3,2006-06-06T00:00:00.000Z
6.690000003874535,53.24000000594728,443,Lageland,0.8,3,2006-06-08T00:00:00.000Z
6.770000004756624,53.292000005904931,444,Overschild,1.6,3,2006-06-16T00:00:00.000Z
6.768000004871848,53.297000006120854,445,Garrelsweer,1.2,3,2006-06-17T00:00:00.000Z
6.85200000447108,53.330000006423127,446,Appingedam,1.4,3,2006-06-17T00:00:00.000Z
6.76300000417427,53.317000006458478,447,Garrelsweer,1.7,3,2006-06-23T00:00:00.000Z
6.823000003863103,53.34100000624958,448,Oosterwijtwerd,1.2,3,2006-06-24T00:00:00.000Z
6.813000004315382,53.369000006283017,449,Godlinze,0.9,3,2006-07-12T00:00:00.000Z
6.86800000500355,53.309000006020106,450,Appingedam,1.3,3,2006-07-12T00:00:00.000Z
6.867000004855149,53.303000006313766,451,Appingedam,1.5,3,2006-07-16T00:00:00.000Z
6.697000004346961,53.350000006051282,452,Westeremden,3.5,3,2006-08-08T00:00:00.000Z
6.707000004393511,53.34900000674498,453,Westeremden,2.5,3,2006-08-08T00:00:00.000Z
6.672000004648311,53.219000006622473,454,Harkstede,1.1,3,2006-08-11T00:00:00.000Z
6.712000004231789,53.343000006068102,455,Westeremden,2.3,3,2006-08-26T00:00:00.000Z
6.522000004662934,53.189000005990493,456,Peizermade,1.8,3,2006-09-06T00:00:00.000Z
6.687000003958587,53.368000006722987,457,Garsthuizen,1.6,3,2006-09-27T00:00:00.000Z
6.790000005093291,53.302000006315559,458,Hoeksmeer,1.6,3,2006-10-06T00:00:00.000Z
6.885000004991157,52.767000005829168,459,Emmen,1.6,3,2006-10-15T00:00:00.000Z
6.738000004962366,53.37200000618305,460,Garsthuizen,2.3,3,2006-10-23T00:00:00.000Z
6.923000005344344,53.325000006241595,461,Delfzijl,1.4,3,2006-10-25T00:00:00.000Z
6.705000003928077,53.39400000615273,462,Oldenzijl,1.4,3,2006-10-26T00:00:00.000Z
6.578000004423836,52.934000006389972,463,Geelbroek,1.3,3,2006-11-04T00:00:00.000Z
6.792000004338177,53.273000006388415,464,Schaaphok,1.2,3,2006-11-05T00:00:00.000Z
6.403000003779812,53.340000006107623,465,Warfhuizen,1.3,3,2006-12-25T00:00:00.000Z
6.883000004121413,53.340000006178911,466,Delfzijl,1.5,3,2007-01-10T00:00:00.000Z
6.76700000477757,53.274000006358783,467,Overschild,0.9,3,2007-01-18T00:00:00.000Z
6.755000004298905,53.352000006751062,468,Zeerijp,2.3,3,2007-01-26T00:00:00.000Z
6.672000003879697,53.368000006667422,469,Zandeweer,1.2,3,2007-01-31T00:00:00.000Z
6.658000003909111,53.346000006417491,470,Middelstum,0.6,3,2007-02-04T00:00:00.000Z
6.702000003903684,53.228000006438897,471,Harkstede,1.5,3,2007-02-16T00:00:00.000Z
6.703000004294034,53.227000006416034,472,Harkstede,2.6,3,2007-02-17T00:00:00.000Z
6.683000003653508,53.228000006085786,473,Harkstede,0.9,3,2007-02-17T00:00:00.000Z
6.857000004945133,53.351000006273622,474,Krewerd,0.9,3,2007-02-17T00:00:00.000Z
6.708000005090316,53.235000006402593,475,Harkstede,1.1,3,2007-03-03T00:00:00.000Z
6.780000004963101,53.326000005972148,476,Wirdum,1.1,3,2007-03-11T00:00:00.000Z
6.722000005057221,53.24000000641734,477,Schaaphok,1.2,3,2007-03-21T00:00:00.000Z
6.693000003955594,53.068000005965025,478,Schipborg,0.7,3,2007-03-29T00:00:00.000Z
6.707000004987958,53.236000006267709,479,Lageland,1.2,3,2007-03-30T00:00:00.000Z
6.690000004555203,53.230000006249448,480,Harkstede,0.7,3,2007-04-01T00:00:00.000Z
6.743000004077858,53.226000006398827,481,Woudbloem,1.2,3,2007-04-13T00:00:00.000Z
6.702000004410942,53.331000006742194,482,Stedum,2,3,2007-05-14T00:00:00.000Z
6.828000004534693,53.163000006470192,483,Westeind,0.4,3,2007-05-19T00:00:00.000Z
6.747000003838846,53.353000006603274,484,Zeerijp,2.1,3,2007-06-09T00:00:00.000Z
6.613000003907253,53.326000006471929,485,Bedum,1.7,3,2007-06-10T00:00:00.000Z
6.653000004161112,53.321000006017755,486,Bedum,1.1,3,2007-06-11T00:00:00.000Z
6.703000005141167,53.317000006182994,487,Stedum,1.2,3,2007-06-23T00:00:00.000Z
6.875000003853756,52.767000006204391,488,Emmen,1.4,3,2007-07-02T00:00:00.000Z
6.732000004745962,53.369000006593609,489,Garsthuizen,1.5,3,2007-08-15T00:00:00.000Z
6.800000004350068,53.344000006035778,490,Leermens,1.5,3,2007-09-17T00:00:00.000Z
6.800000004908347,53.236000005980756,491,Schildwolde,0.9,3,2007-09-18T00:00:00.000Z
6.623000003916777,53.33800000643739,492,Fraamklap,1.2,3,2007-09-28T00:00:00.000Z
6.788000004764876,53.194000006701422,493,Froombosch,2.1,3,2007-09-30T00:00:00.000Z
6.748000003938683,53.33300000603338,494,Loppersum,2,3,2007-10-27T00:00:00.000Z
6.823000004197613,53.293000006549711,495,Overschild,1.7,3,2007-11-13T00:00:00.000Z
6.568000004981397,53.053000006414251,496,Vries,1.5,3,2007-11-30T00:00:00.000Z
6.535000003857602,53.297000006173413,497,Sauwerd,0.7,3,2007-12-10T00:00:00.000Z
6.560000004087885,52.939000005769522,498,Geelbroek,1.4,3,2008-01-02T00:00:00.000Z
6.782000004540937,53.065000005825048,499,Nieuw-Annerveen,1.7,3,2008-01-05T00:00:00.000Z
6.810000004762835,53.387000006112181,648,Spijk,2.3,3,2010-05-03T00:00:00.000Z
6.775000004434525,53.404000006692186,649,Oosternieland,1.6,3,2010-05-05T00:00:00.000Z
6.617000004995037,53.491000006266724,650,Waddenzee,2.5,3,2010-05-07T00:00:00.000Z
6.865000004631304,53.278000006127826,651,Tjuchem,1,3,2010-05-08T00:00:00.000Z
6.927000004560918,53.247000006248228,652,Wagenborgen,1.7,3,2010-05-09T00:00:00.000Z
6.870000005235594,53.281000006739347,653,Tjuchem,0.9,3,2010-05-21T00:00:00.000Z
6.833000004641582,53.235000005966612,654,Schildwolde,0.9,3,2010-05-26T00:00:00.000Z
6.678000003841092,53.238000006563752,655,Lageland,1.5,3,2010-05-30T00:00:00.000Z
6.678000003841092,53.238000006563752,656,Lageland,1.2,3,2010-05-30T00:00:00.000Z
6.847000004467408,53.19900000633411,657,Noordbroek,1,3,2010-06-08T00:00:00.000Z
6.775000004987323,53.182000005824499,658,Hoogezand,2,3,2010-06-09T00:00:00.000Z
6.652000004970319,53.226000006276472,659,Middelbert,1.1,3,2010-06-10T00:00:00.000Z
6.853000005091891,53.358000006356633,660,Krewerd,1.5,3,2010-06-16T00:00:00.000Z
6.745000004722205,53.249000006228322,661,Luddeweer,1.3,3,2010-06-21T00:00:00.000Z
6.620000004417511,53.218000005862969,662,Groningen,1.5,3,2010-06-21T00:00:00.000Z
6.835000004267187,53.074000006503333,663,Wildervank,1.7,3,2010-06-21T00:00:00.000Z
6.800000004067777,53.251000006113202,664,Schildwolde,0.8,3,2010-07-04T00:00:00.000Z
6.735000004123126,53.280000006502938,665,Woltersum,1.8,3,2010-07-24T00:00:00.000Z
6.703000004162155,53.403000006061838,666,Uithuizermeeden,2.5,3,2010-08-14T00:00:00.000Z
6.828000004059452,53.209000006107203,667,Slochteren,1.6,3,2010-08-29T00:00:00.000Z
6.683000004576356,53.376000006314165,668,Zandeweer,1.4,3,2010-08-31T00:00:00.000Z
6.813000004187328,53.227000006719308,669,Schildwolde,1,3,2010-09-03T00:00:00.000Z
6.775000004975362,53.218000006005717,670,Slochteren,0.9,3,2010-10-06T00:00:00.000Z
6.732000004990129,53.180000005978187,671,Kolham,1,3,2010-10-22T00:00:00.000Z
6.87200000398299,53.31200000630156,672,Appingedam,1,3,2010-10-31T00:00:00.000Z
6.703000004079485,53.348000006753438,673,Westeremden,1.4,3,2010-11-15T00:00:00.000Z
6.95500000521151,53.281000005925364,674,Delfzijl,0.6,3,2010-11-24T00:00:00.000Z
6.58000000452442,53.42300000677308,675,Warfum,1.2,3,2010-12-02T00:00:00.000Z
6.862000003842303,53.313000006081161,676,Appingedam,1.2,3,2010-12-07T00:00:00.000Z
6.735000003988779,53.317000006413053,677,Winneweer,1.1,3,2010-12-08T00:00:00.000Z
7.00500000420832,53.335000006090176,678,Termunterzijl,0.9,3,2010-12-30T00:00:00.000Z
6.780000004182998,53.295000006620853,679,Hoeksmeer,1.3,3,2011-01-06T00:00:00.000Z
6.967000004608294,53.24500000641558,680,Nieuwolda,1.7,3,2011-01-07T00:00:00.000Z
6.762000005004797,53.057000006629266,681,Annen,1.8,3,2011-01-16T00:00:00.000Z
6.645000005037949,53.319000006602572,682,Westerwijtwerd,2.4,3,2011-01-19T00:00:00.000Z
6.793000004277011,53.166000006382177,683,Hoogezand,1.1,3,2011-01-22T00:00:00.000Z
6.712000004838639,53.30100000626441,684,Lellens,1.5,3,2011-01-28T00:00:00.000Z
6.722000004714881,53.302000006620375,685,Kroddeburen,1.4,3,2011-01-30T00:00:00.000Z
6.763000004388429,53.258000005972725,686,Luddeweer,1.3,3,2011-02-08T00:00:00.000Z
6.863000004037485,53.263000006406713,687,Appingedam,1.4,3,2011-03-11T00:00:00.000Z
6.775000004536263,53.271000006193177,688,Overschild,1.5,3,2011-03-13T00:00:00.000Z
6.812000005198679,53.176000006100779,689,Achterdiep,0.8,3,2011-03-14T00:00:00.000Z
6.933000004355038,53.066000006344275,690,Nieuwe Pekela,0.9,3,2011-03-19T00:00:00.000Z
6.820000004160056,53.25300000673861,691,Schildwolde,1.2,3,2011-03-26T00:00:00.000Z
6.732000004938388,53.335000005996271,692,Loppersum,1.5,3,2011-03-26T00:00:00.000Z
6.805000004759435,53.168000006047123,693,Sappemeer,2,3,2011-03-28T00:00:00.000Z
6.843000004395177,53.446000005965004,694,Eemshaven,1.3,3,2011-04-08T00:00:00.000Z
6.838000004794177,53.035000006225467,695,Gieterveen,0.9,3,2011-04-12T00:00:00.000Z
6.800000003846588,53.288000006283816,696,Overschild,0.9,3,2011-04-13T00:00:00.000Z
6.837000004167769,53.200000005838866,697,Slochteren,1.5,3,2011-04-15T00:00:00.000Z
6.678000003897141,53.316000005901124,747,Stedum,0.8,3,2011-09-04T00:00:00.000Z
6.805000004886459,53.337000005924729,748,Oosterwijtwerd,2.5,3,2011-09-06T00:00:00.000Z
6.763000004507139,53.267000005906027,749,Woltersum,1.5,3,2011-09-07T00:00:00.000Z
6.823000004929725,53.323000006584437,750,Eekwerderdraai,1.6,3,2011-09-15T00:00:00.000Z
6.580000004884427,52.969000006379765,751,Eleveld,0.9,3,2011-09-22T00:00:00.000Z
6.728000005175351,53.348000006238614,752,Westeremden,1,3,2011-09-25T00:00:00.000Z
6.728000005127315,53.363000006686306,753,Garsthuizen,2,3,2011-09-25T00:00:00.000Z
4.265000001800963,52.822000005767727,754,Noordzee,2.6,3,2011-10-04T00:00:00.000Z
6.862000003958052,53.261000006455248,755,Siddeburen,1.9,3,2011-10-08T00:00:00.000Z
3.885000001395937,53.28100000667358,756,Noordzee,3.1,3,2011-10-09T00:00:00.000Z
6.662000004673621,53.281000006666112,757,Ten Boer,1.5,3,2011-10-09T00:00:00.000Z
6.965000005127493,53.31600000613053,758,Farmsum,1.3,3,2011-10-24T00:00:00.000Z
6.808000005181077,53.343000006701708,759,Oosterwijtwerd,1.5,3,2011-11-04T00:00:00.000Z
6.682000003729801,53.226000006234266,760,Harkstede,0.7,3,2011-11-06T00:00:00.000Z
6.798000004110672,53.058000005789673,761,Eexterveen,1,3,2011-11-07T00:00:00.000Z
6.68500000405173,53.246000006040013,762,Garmerwolde,1.2,3,2011-11-07T00:00:00.000Z
6.958000004218807,53.255000006158397,763,Nieuwolda,1.6,3,2011-11-09T00:00:00.000Z
6.592000004750362,52.953000006189654,764,Eleveld,0.9,3,2011-11-15T00:00:00.000Z
6.967000004819223,53.292000006221137,765,Weiwerd,1.5,3,2011-11-15T00:00:00.000Z
6.773000004607788,53.206000006666123,766,Froombosch,0.2,3,2011-11-18T00:00:00.000Z
6.82200000451207,53.313000006317758,767,Appingedam,1.7,3,2011-11-27T00:00:00.000Z
6.825000004502769,53.293000006535735,768,Lakswerd,1.3,3,2011-12-04T00:00:00.000Z
6.817000004838562,53.145000006590955,769,Tripscompagnie,0.9,3,2011-12-20T00:00:00.000Z
4.28800000161733,52.773000006237353,770,Noordzee,2.2,3,2011-12-20T00:00:00.000Z
6.627000004016107,53.203000006117485,771,Engelbert,1.1,3,2011-12-23T00:00:00.000Z
6.657000004064654,53.352000006347588,772,Middelstum,2.2,3,2011-12-30T00:00:00.000Z
6.667000004784815,53.359000006014647,773,Middelstum,1.9,3,2012-01-06T00:00:00.000Z
6.628000004189169,53.262000006747662,774,Thesinge,1.6,3,2012-01-07T00:00:00.000Z
6.793000005047123,53.319000006665412,775,Wirdum,1.3,3,2012-01-16T00:00:00.000Z
6.682000004683522,53.237000006067781,776,Zevenhuizen,1.1,3,2012-01-21T00:00:00.000Z
6.755000004639101,53.315000006295001,777,Winneweer,1.3,3,2012-01-24T00:00:00.000Z
6.968000004732858,53.103000006154154,778,Nieuwe Pekela,1.6,3,2012-01-27T00:00:00.000Z
6.75700000399974,53.349000005974524,779,Zeerijp,0.9,3,2012-01-28T00:00:00.000Z
6.745000005083011,53.295000006693215,780,Lellens,1.5,3,2012-01-30T00:00:00.000Z
6.872000005128999,53.288000006194899,781,Tjuchem,1.4,3,2012-01-31T00:00:00.000Z
6.803000004328453,53.156000006360465,782,Sappemeer,0.9,3,2012-02-01T00:00:00.000Z
6.72200000386397,53.357000006718266,783,Westeremden,1.8,3,2012-02-04T00:00:00.000Z
6.793000003888026,53.329000006423847,784,Eenum,1.4,3,2012-02-05T00:00:00.000Z
6.902000005040802,53.276000006181491,785,Meedhuizen,1.5,3,2012-02-05T00:00:00.000Z
6.868000004428455,53.295000006641004,786,Tjuchem,1.4,3,2012-02-07T00:00:00.000Z
4.370000001626321,52.689000006413245,787,Noordzee,1.3,3,2012-02-12T00:00:00.000Z
4.327000001796153,52.782000005975057,788,Noordzee,1.7,3,2012-02-12T00:00:00.000Z
6.692000005018359,53.307000006695688,789,Stedum,1.9,3,2012-02-16T00:00:00.000Z
6.708000003743346,53.358000005899953,790,Westeremden,1.7,3,2012-02-17T00:00:00.000Z
6.870000005135993,53.033000006492252,791,Nieuwediep,1,3,2012-02-17T00:00:00.000Z
6.872000004475377,53.259000005978542,792,Siddeburen,1.8,3,2012-02-19T00:00:00.000Z
6.633000004659548,53.241000006523791,793,Garmerwolde,0.9,3,2012-03-04T00:00:00.000Z
6.882000005117269,53.230000006355944,794,Hellum,1.3,3,2012-03-07T00:00:00.000Z
6.825000004502769,53.293000006535735,795,Garrelsweer,1,3,2012-03-07T00:00:00.000Z
6.798000003788197,53.26400000642915,796,Overschild,0.5,3,2012-03-08T00:00:00.000Z
6.785000004514126,53.168000005821661,797,Sappemeer,1,3,2012-03-08T00:00:00.000Z
4.613000002389163,52.702000005733169,798,Noordzee,1,3,2012-03-16T00:00:00.000Z
6.902000004679266,53.303000006635131,799,Meedhuizen,0.9,3,2012-03-18T00:00:00.000Z
6.748000004980934,53.210000006166887,800,Woudbloem,0.4,3,2012-03-23T00:00:00.000Z
6.73500000491192,53.313000006535432,801,Winneweer,1,3,2012-03-27T00:00:00.000Z
6.917000005092254,53.249000006602877,802,Wagenborgen,1.6,3,2012-03-31T00:00:00.000Z
6.872000005128999,53.288000006194899,803,Tjuchem,1.7,3,2012-04-04T00:00:00.000Z
6.798000005198925,53.295000006159455,804,Garrelsweer,1.5,3,2012-04-07T00:00:00.000Z
6.838000004248921,53.261000006123822,805,Steendam,0.7,3,2012-04-13T00:00:00.000Z
6.695000003962141,53.487000006668261,806,Uithuizen(Wad),0.9,3,2012-04-14T00:00:00.000Z
6.787000004933157,53.309000006130248,807,Wirdum,1.1,3,2012-04-16T00:00:00.000Z
6.73300000446011,53.341000006659023,808,Loppersum,1.2,3,2012-04-18T00:00:00.000Z
4.625000001898756,52.700000005836756,809,Groet (Noordzee),1.8,3,2012-04-18T00:00:00.000Z
6.83300000394392,53.352000006442466,810,Krewerd,0.3,3,2012-04-21T00:00:00.000Z
6.81800000462548,53.178000006661954,811,Sappemeer,2,3,2012-04-25T00:00:00.000Z
6.823000004848035,53.273000005969969,812,Steendam,0.8,3,2012-05-06T00:00:00.000Z
6.878000003938743,53.247000006687628,813,Siddeburen,0.8,3,2012-05-10T00:00:00.000Z
6.885000003931539,53.331000006045549,814,Appingedam,0.9,3,2012-05-11T00:00:00.000Z
6.835000005020277,53.298000006687836,815,Appingedam,0.9,3,2012-05-13T00:00:00.000Z
6.893000003978389,53.2490000058907,816,Siddeburen,0.8,3,2012-05-15T00:00:00.000Z
6.852000004605742,53.248000006149077,817,Siddeburen,0.9,3,2012-05-17T00:00:00.000Z
6.670000004446575,53.359000006726333,818,Huizinge,1.5,3,2012-05-24T00:00:00.000Z
6.815000004133998,53.278000005903927,819,Overschild,0.6,3,2012-05-28T00:00:00.000Z
6.817000003798972,53.185000006379035,820,Sappemeer,0.7,3,2012-06-02T00:00:00.000Z
6.76000000452104,53.183000006423896,821,Kolham,0.9,3,2012-06-08T00:00:00.000Z
6.922000004905129,53.254000005840957,822,Wagenborgen,1.7,3,2012-06-14T00:00:00.000Z
6.863000004620146,53.246000006448938,823,Siddeburen,1.5,3,2012-06-15T00:00:00.000Z
6.783000005091578,53.322000006028887,824,Wirdum,1.7,3,2012-06-21T00:00:00.000Z
6.813000003826519,53.319000006750265,825,Oosterwijtwerd,1.1,3,2012-06-21T00:00:00.000Z
6.755000003918772,53.296000006722785,826,Lellens,1.4,3,2012-06-22T00:00:00.000Z
6.75300000374048,53.290000006408945,827,Lellens,0.8,3,2012-06-22T00:00:00.000Z
6.850000004314906,53.151000005853838,828,Zuidbroek,0.5,3,2012-06-27T00:00:00.000Z
6.852000005103346,53.151000006401723,829,Zuidbroek,0.3,3,2012-06-27T00:00:00.000Z
6.762000004107923,53.045000005988349,830,Eexterzandvoort,0.4,3,2012-06-27T00:00:00.000Z
6.762000004709033,53.046000006418126,831,Eexterzandvoort,0.2,3,2012-06-27T00:00:00.000Z
6.768000005227091,53.269000006512414,832,Overschild,1.1,3,2012-07-03T00:00:00.000Z
6.800000004113892,53.289000006626416,833,Overschild,0.8,3,2012-07-07T00:00:00.000Z
6.773000004106374,53.331000006484025,834,Eenum,0.7,3,2012-07-07T00:00:00.000Z
6.40300000381899,53.196000006122752,835,Lettelbert,0.9,3,2012-07-10T00:00:00.000Z
6.850000004031095,53.278000006171553,836,Steendam,1,3,2012-07-12T00:00:00.000Z
6.768000004138338,53.319000006130487,837,Wirdum,0.6,3,2012-07-16T00:00:00.000Z
6.802000003963207,53.177000006158536,838,Sappemeer,0.9,3,2012-07-19T00:00:00.000Z
6.823000004197613,53.293000006549711,839,Garrelsweer,0.8,3,2012-07-25T00:00:00.000Z
6.680000004033365,53.31500000635355,840,Stedum,1.2,3,2012-07-27T00:00:00.000Z
6.730000004219238,53.340000006574009,841,Westeremden,1.3,3,2012-07-30T00:00:00.000Z
6.787000005004936,53.323000006294698,842,Wirdum,1,3,2012-07-30T00:00:00.000Z
6.783000003736618,53.177000005911729,843,Hoogezand,0.5,3,2012-07-30T00:00:00.000Z
6.800000004637577,53.333000006181784,844,Eenum,0.7,3,2012-08-01T00:00:00.000Z
6.670000003941129,53.211000005926053,845,Harkstede,0.8,3,2012-08-08T00:00:00.000Z
6.613000004984887,53.183000005929578,846,Haren,1.5,3,2012-08-09T00:00:00.000Z
6.785000004066662,53.305000006548546,847,Garrelsweer,1,3,2012-08-14T00:00:00.000Z
6.805000004034893,53.353000006296611,848,Leermens,2.4,3,2012-08-15T00:00:00.000Z
6.752000005105556,53.36200000603867,849,Zeerijp,1.2,3,2012-08-16T00:00:00.000Z
6.672000004948261,53.34500000619753,850,Huizinge,3.6,3,2012-08-16T00:00:00.000Z
6.653000004927041,53.360000006018289,851,Middelstum,0.6,3,2012-08-17T00:00:00.000Z
6.89800000409362,53.238000006034987,852,Siddeburen,0.8,3,2012-08-17T00:00:00.000Z
6.833000004139464,53.300000006073056,853,Appingedam,0.7,3,2012-08-23T00:00:00.000Z
6.835000004597012,53.308000006381349,854,Appingedam,0.9,3,2012-08-28T00:00:00.000Z
6.645000003692331,53.346000006654251,855,Middelstum,0.9,3,2012-09-23T00:00:00.000Z
6.83000000399941,53.219000006100082,856,Schildwolde,1.2,3,2012-09-28T00:00:00.000Z
6.752000003989783,53.2080000066818,857,Woudbloem,0.6,3,2012-09-30T00:00:00.000Z
6.62000000459053,52.939000006087795,858,Amen,0.7,3,2012-09-30T00:00:00.000Z
6.768000004123834,53.053000005803298,859,Nieuw-Annerveen,1,3,2012-10-07T00:00:00.000Z
6.850000004695578,53.279000006231747,860,Steendam,0.9,3,2012-10-13T00:00:00.000Z
6.13300000383258,53.297000006064607,861,Oudwoude,1.1,3,2012-10-16T00:00:00.000Z
6.777000004507689,53.31100000599659,862,Wirdum,1.3,3,2012-10-23T00:00:00.000Z
6.613000005055229,53.239000006569583,863,Garmerwolde,1,3,2012-10-27T00:00:00.000Z
6.763000004769268,53.297000006357791,864,Garrelsweer,0.7,3,2012-10-30T00:00:00.000Z
6.695000004146934,53.408000005948765,865,Oldenzijl,1,3,2012-11-13T00:00:00.000Z
6.838000004525251,53.278000006033643,866,Steendam,0.9,3,2012-11-14T00:00:00.000Z
6.790000005150874,53.290000006247794,867,Overschild,1.1,3,2012-11-17T00:00:00.000Z
6.890000004991636,53.272000006189373,868,Tjuchem,0.7,3,2012-11-18T00:00:00.000Z
6.870000004795629,53.315000006546768,869,Appingedam,1.1,3,2012-11-22T00:00:00.000Z
6.785000005084706,53.209000006701153,870,Froombosch,1.4,3,2012-11-27T00:00:00.000Z
6.805000004490978,53.230000006600619,871,Schildwolde,0.5,3,2012-11-27T00:00:00.000Z
6.833000004104738,53.261000006469807,872,Steendam,1,3,2012-11-30T00:00:00.000Z
6.830000004806221,53.254000006404738,873,Steendam,1.1,3,2012-11-30T00:00:00.000Z
6.845000003996637,53.267000006457749,874,Steendam,0.9,3,2012-11-30T00:00:00.000Z
6.730000004286499,53.323000006756878,875,Loppersum,1.2,3,2012-12-17T00:00:00.000Z
6.855000004825037,53.169000006434011,876,Zuidbroek,0.6,3,2012-12-20T00:00:00.000Z
6.783000004671313,53.377000006297742,877,t Zandt,1.2,3,2012-12-25T00:00:00.000Z
6.82300000481119,53.306000006714747,878,Garrelsweer,0.9,3,2013-01-05T00:00:00.000Z
4.258000001895,52.82400000629751,879,Noordzee,2.6,3,2013-01-05T00:00:00.000Z
6.327000004794578,53.316000006586869,880,Lauwerzijl,1,3,2013-01-09T00:00:00.000Z
6.960000004101453,53.346000006225502,881,Delfzijl,1.4,3,2013-01-11T00:00:00.000Z
6.602000003944638,53.407000006308429,882,Usquert,1.8,3,2013-01-11T00:00:00.000Z
6.852000004935118,53.265000006634253,883,Steendam,0.8,3,2013-01-11T00:00:00.000Z
6.872000003942397,53.168000006134477,884,Zuidbroek,0.5,3,2013-01-12T00:00:00.000Z
6.862000005048383,53.34500000616967,885,Krewerd,0.9,3,2013-01-12T00:00:00.000Z
6.850000004312639,53.273000006198643,886,Steendam,0.9,3,2013-01-12T00:00:00.000Z
6.663000004834638,53.389000005947686,887,Zandeweer,1.2,3,2013-01-18T00:00:00.000Z
6.790000004819278,53.285000006189279,888,Overschild,2.4,3,2013-01-19T00:00:00.000Z
6.773000005091807,53.18600000603606,889,Froombosch,1.2,3,2013-01-27T00:00:00.000Z
6.91200000526273,53.275000006165968,890,Meedhuizen,1.5,3,2013-01-28T00:00:00.000Z
6.703000005159605,53.230000006677265,891,Lageland,1.4,3,2013-02-03T00:00:00.000Z
6.790000003991562,53.202000006562059,892,Froombosch,0.9,3,2013-02-04T00:00:00.000Z
6.643000004064868,53.222000005958513,893,Garmerwolde,1.5,3,2013-02-05T00:00:00.000Z
6.667000003792298,53.375000006624923,894,Zandeweer,2.7,3,2013-02-07T00:00:00.000Z
6.667000003899918,53.389000006255714,895,Zandeweer,3.2,3,2013-02-07T00:00:00.000Z
6.758000004828817,53.366000006477641,896,t Zandt,2.7,3,2013-02-09T00:00:00.000Z
6.855000003877045,53.289000006627532,897,Tjuchem,1.5,3,2013-02-10T00:00:00.000Z
6.878000005307069,53.292000006533378,898,Tjuchem,1.1,3,2013-02-10T00:00:00.000Z
6.783000005143777,53.297000006155208,899,Garrelsweer,2,3,2013-02-11T00:00:00.000Z
6.768000004577918,53.29200000648126,900,Garrelsweer,1.8,3,2013-02-11T00:00:00.000Z
6.758000004157304,53.218000005990888,901,Woudbloem,1.8,3,2013-02-11T00:00:00.000Z
6.845000005145719,53.368000006462907,902,Losdorp,1.8,3,2013-02-13T00:00:00.000Z
6.795000003985497,53.31900000654138,903,Wirdum,2,3,2013-02-15T00:00:00.000Z
6.993000004897736,53.328000006105043,904,Borgsweer,0.8,3,2013-02-16T00:00:00.000Z
6.833000004239179,53.252000006256672,905,Steendam,0.8,3,2013-02-16T00:00:00.000Z
6.973000004092407,53.266000006669934,906,Nieuwolda,1.9,3,2013-02-18T00:00:00.000Z
6.782000004724539,53.349000006590998,907,Leermens,0.7,3,2013-02-18T00:00:00.000Z
6.753000004216123,53.364000006181342,908,t Zandt,0.7,3,2013-02-21T00:00:00.000Z
6.782000004527378,53.303000006670729,909,Garrelsweer,1,3,2013-02-25T00:00:00.000Z
6.768000004636797,53.206000006311143,910,Froombosch,0.4,3,2013-02-27T00:00:00.000Z
6.648000005042113,53.335000006301279,911,Westerwijtwerd,0.9,3,2013-03-02T00:00:00.000Z
4.713000003181002,52.646000005800119,912,Bergen,0.7,2,2013-03-06T00:00:00.000Z
6.830000004555552,53.285000006169092,913,Steendam,0.8,3,2013-03-13T00:00:00.000Z
6.942000004463353,53.315000006345954,914,Farmsum,1,3,2013-03-14T00:00:00.000Z
6.792000005060137,53.474000006684733,915,Eemshaven,2,3,2013-03-16T00:00:00.000Z
6.717000004254436,53.233000006215455,916,Lageland,0.9,3,2013-03-29T00:00:00.000Z
6.872000005248146,53.223000005978506,917,Hellum,1.1,3,2013-04-02T00:00:00.000Z
6.740000004186762,53.375000006051096,918,Garsthuizen,0.9,3,2013-04-15T00:00:00.000Z
6.800000004954891,53.157000006494371,919,Sappemeer,0.6,3,2013-04-23T00:00:00.000Z
6.793000004981643,53.176000006009957,920,Sappemeer,0.5,3,2013-04-23T00:00:00.000Z
6.76000000504231,53.341000005980725,921,Zeerijp,1,3,2013-04-27T00:00:00.000Z
6.733000004685922,53.328000006398248,922,Loppersum,1.3,3,2013-04-28T00:00:00.000Z
6.66000000406906,53.229000006443904,923,Zevenhuizen,0.8,3,2013-04-29T00:00:00.000Z
6.735000004863477,53.2740000064165,924,Woltersum,0.7,3,2013-04-30T00:00:00.000Z
6.63700000433894,53.245000005860959,925,Garmerwolde,0.9,3,2013-05-01T00:00:00.000Z
6.793000003750655,53.33500000600052,926,Eenum,0.7,3,2013-05-02T00:00:00.000Z
6.85300000505905,53.259000006679521,927,Steendam,1.4,3,2013-05-10T00:00:00.000Z
6.922000004574492,53.247000006639041,928,Wagenborgen,1.1,3,2013-05-13T00:00:00.000Z
6.85800000392443,53.300000006122325,929,Appingedam,0.8,3,2013-05-19T00:00:00.000Z
6.777000004867477,53.177000006285375,930,Hoogezand,1.2,3,2013-05-22T00:00:00.000Z
6.812000004011284,53.28700000641242,931,Overschild,1.2,3,2013-05-22T00:00:00.000Z
6.705000005175004,53.33000000653432,932,Stedum,1.2,3,2013-05-24T00:00:00.000Z
6.69300000435473,53.229000006624297,933,Harkstede,1.1,3,2013-05-25T00:00:00.000Z
6.713000004431646,53.331000006317119,934,Stedum,1,3,2013-05-25T00:00:00.000Z
6.610000004086708,53.411000006321807,935,Usquert,0.9,3,2013-05-25T00:00:00.000Z
6.570000004779079,52.953000006438252,936,Geelbroek,1.1,3,2013-05-25T00:00:00.000Z
6.838000004261527,53.282000006407607,937,Steendam,1.2,3,2013-05-30T00:00:00.000Z
6.838000004525251,53.278000006033643,938,Steendam,1,3,2013-05-31T00:00:00.000Z
6.867000004244621,53.318000006444763,939,Appingedam,1.2,3,2013-06-03T00:00:00.000Z
6.780000005131877,53.292000005981926,940,Garrelsweer,0.7,3,2013-06-05T00:00:00.000Z
6.637000004176016,53.243000006102569,941,Garmerwolde,0.9,3,2013-06-05T00:00:00.000Z
6.985000004858554,53.283000006643057,942,Borgsweer,1.3,3,2013-06-07T00:00:00.000Z
6.702000004168759,53.209000005867253,943,Harkstede,0.7,3,2013-06-08T00:00:00.000Z
6.83300000423605,53.319000006707356,944,Oosterwijtwerd,0.7,3,2013-06-14T00:00:00.000Z
6.872000004312478,53.230000006119198,945,Hellum,0.6,3,2013-06-14T00:00:00.000Z
6.720000003684973,53.23000000626476,946,Lageland,0.7,3,2013-06-18T00:00:00.000Z
6.867000005233234,53.300000006473851,947,Appingedam,1.1,3,2013-06-23T00:00:00.000Z
6.643000004712253,53.331000006136321,948,Westerwijtwerd,1.3,3,2013-06-27T00:00:00.000Z
6.818000004233196,53.227000006113173,949,Schildwolde,0.8,3,2013-06-30T00:00:00.000Z
6.758000004366727,53.317000006271769,950,Winneweer,0.8,3,2013-06-30T00:00:00.000Z
6.753000003877882,53.326000006321827,951,Loppersum,0.7,3,2013-06-30T00:00:00.000Z
6.785000004213133,53.294000006165078,952,Garrelsweer,3,3,2013-07-02T00:00:00.000Z
6.637000004650521,53.355000006734244,953,Toornwerd,0.9,3,2013-07-03T00:00:00.000Z
6.542000004667035,53.305000006582674,954,Sauwerd,1.6,3,2013-07-08T00:00:00.000Z
6.87000000419333,53.332000006226899,955,Appingedam,0.9,3,2013-07-13T00:00:00.000Z
6.78500000426839,53.333000006021003,956,Eenum,1.1,3,2013-07-14T00:00:00.000Z
6.803000004915063,53.323000006658965,957,Oosterwijtwerd,2.4,3,2013-07-20T00:00:00.000Z
6.775000005094391,53.323000006734318,958,Wirdum,1.9,3,2013-07-20T00:00:00.000Z
6.830000004136603,53.26900000589999,959,Steendam,1.3,3,2013-07-21T00:00:00.000Z
6.778000005187629,53.287000006275683,960,Overschild,0.7,3,2013-07-21T00:00:00.000Z
6.638000004885483,53.243000006352752,961,Garmerwolde,0.9,3,2013-07-26T00:00:00.000Z
6.828000005071345,53.215000005925155,962,Slochteren,0.7,3,2013-07-30T00:00:00.000Z
6.718000005087137,53.22100000595038,963,Harkstede,1,3,2013-07-31T00:00:00.000Z
6.782000005076406,53.17900000646339,964,Hoogezand,0.6,3,2013-08-07T00:00:00.000Z
6.803000004366242,53.26300000656763,965,Overschild,0.9,3,2013-08-07T00:00:00.000Z
6.79800000389224,53.256000005955926,966,Schildwolde,1,3,2013-08-08T00:00:00.000Z
5.913000004071916,53.443000006566507,967,Amelanderwad,1.8,3,2013-08-09T00:00:00.000Z
6.653000005058907,53.233000006023829,968,Garmerwolde,1.1,3,2013-08-14T00:00:00.000Z
6.697000004182375,53.244000006313343,969,Lageland,2.1,3,2013-08-16T00:00:00.000Z
6.793000003945035,53.278000006080035,970,Overschild,0.9,3,2013-08-21T00:00:00.000Z
6.775000004925284,53.313000006574981,971,Wirdum,1.3,3,2013-08-25T00:00:00.000Z
6.865000005288031,53.301000006511856,972,Appingedam,1.1,3,2013-08-27T00:00:00.000Z
6.715000005077071,53.343000006145168,973,Westeremden,1.5,3,2013-09-01T00:00:00.000Z
6.77200000442323,53.344000006014717,974,Zeerijp,2.8,3,2013-09-04T00:00:00.000Z
6.83000000493165,53.292000006510165,975,Steendam,0.9,3,2013-09-18T00:00:00.000Z
6.665000004224445,53.24500000585742,976,Zevenhuizen,1.7,3,2013-09-22T00:00:00.000Z
6.680000004402888,53.249000005946314,977,Zevenhuizen,1,3,2013-09-22T00:00:00.000Z
6.670000004578428,53.236000006182636,978,Zevenhuizen,1.6,3,2013-09-22T00:00:00.000Z
6.715000004384388,53.081000005925048,979,Zuidlaren,1.1,3,2013-09-24T00:00:00.000Z
6.787000004001474,53.289000006115266,980,Overschild,1.1,3,2013-09-25T00:00:00.000Z
6.862000004835925,53.282000006097753,981,Tjuchem,1.2,3,2013-09-25T00:00:00.000Z
6.727000003805711,53.383000006619227,982,Eppenhuizen,1.9,3,2013-09-28T00:00:00.000Z
6.648000004411208,53.248000006475891,983,Garmerwolde,1.3,3,2013-09-29T00:00:00.000Z
6.715000005177939,53.222000006595074,984,Harkstede,1.2,3,2013-09-30T00:00:00.000Z
6.717000004640553,53.220000006445474,985,Harkstede,1.1,3,2013-10-01T00:00:00.000Z
6.713000004921501,53.232000006609553,986,Lageland,1.2,3,2013-10-01T00:00:00.000Z
6.787000004447719,53.313000006579912,987,Wirdum,1.4,3,2013-10-02T00:00:00.000Z
6.79200000496673,53.317000005867527,988,Wirdum,1.9,3,2013-10-02T00:00:00.000Z
7.01300000484937,53.301000005970891,989,Borgsweer,0.9,3,2013-10-02T00:00:00.000Z
6.777000004350177,53.314000006254986,990,Wirdum,1.2,3,2013-10-03T00:00:00.000Z
6.713000003937616,53.371000005982609,991,Garsthuizen,1.5,3,2013-10-10T00:00:00.000Z
4.588000001947154,52.551000005829245,992,Castricum,2.5,3,2013-10-22T00:00:00.000Z
6.733000004631146,53.262000006625854,993,Woltersum,1.1,3,2013-10-23T00:00:00.000Z
4.585000001896717,52.555000005786539,994,Castricum,2,3,2013-10-23T00:00:00.000Z
6.863000004999346,53.257000006300032,995,Siddeburen,1.1,3,2013-10-23T00:00:00.000Z
6.902000004280096,53.083000006322521,698,Ommelanderwijk,0.8,3,2011-04-20T00:00:00.000Z
6.853000005246679,53.156000006414239,699,Tussenklappen,0.5,3,2011-04-24T00:00:00.000Z
6.848000003960808,53.285000006497455,700,Steendam,1.4,3,2011-04-28T00:00:00.000Z
6.727000004778618,53.312000006088041,701,Winneweer,1.4,3,2011-04-28T00:00:00.000Z
6.937000004062873,53.127000006153843,702,Meeden,1.2,3,2011-05-02T00:00:00.000Z
6.932000005222832,53.174000006510589,703,Scheemda,0.8,3,2011-05-05T00:00:00.000Z
6.772000004620542,53.328000006281655,704,Wirdum,1.1,3,2011-05-07T00:00:00.000Z
6.802000004279119,53.278000006406572,705,Overschild,0.9,3,2011-05-08T00:00:00.000Z
6.863000004595116,53.350000006171413,706,Holwierde,1,3,2011-05-10T00:00:00.000Z
6.657000004668459,53.224000006118494,707,Klein Harkstede,1.2,3,2011-05-10T00:00:00.000Z
6.757000003866267,53.195000005914302,708,Froombosch,1.8,3,2011-05-12T00:00:00.000Z
6.828000004424759,53.240000006022818,709,Hellum,1.1,3,2011-05-12T00:00:00.000Z
6.770000004233544,53.320000006156292,710,Garrelsweer,0.8,3,2011-05-18T00:00:00.000Z
6.845000004684145,53.248000006190637,711,Siddeburen,1.9,3,2011-05-18T00:00:00.000Z
6.893000004722008,53.422000006453246,712,Bocht van Watum,0.9,3,2011-05-19T00:00:00.000Z
6.843000004002629,53.35900000654172,713,Krewerd,1.2,3,2011-05-19T00:00:00.000Z
6.777000004426071,53.396000006769277,714,Kolhol,1.4,3,2011-05-19T00:00:00.000Z
6.818000004197535,53.155000006704533,715,Sappemeer,0.9,3,2011-05-23T00:00:00.000Z
6.76700000422558,53.270000006271836,716,Overschild,1.2,3,2011-05-23T00:00:00.000Z
6.775000005153473,53.407000005909708,717,Oosternieland,1.9,3,2011-05-26T00:00:00.000Z
6.647000004179337,53.18200000665319,718,Waterhuizen,1.7,3,2011-05-27T00:00:00.000Z
6.737000003923422,53.376000006062881,719,Garsthuizen,1,3,2011-06-02T00:00:00.000Z
6.822000005038847,53.274000006637266,720,Steendam,0.8,3,2011-06-02T00:00:00.000Z
6.612000004810811,53.176000006089041,721,Haren,1.5,3,2011-06-05T00:00:00.000Z
6.485000003634902,53.522000006137276,722,Rottumerplaat,1.4,3,2011-06-05T00:00:00.000Z
6.647000004408443,53.271000006031628,723,Thesinge,1,3,2011-06-10T00:00:00.000Z
6.845000004620418,53.199000006578004,724,Noordbroek,1.3,3,2011-06-18T00:00:00.000Z
6.705000004623405,53.072000005931713,725,Schuilingsoord,1.1,3,2011-06-19T00:00:00.000Z
6.703000004528795,53.075000006592916,726,Schuilingsoord,0.3,3,2011-06-19T00:00:00.000Z
6.775000004117842,53.321000006030104,727,Wirdum,1.7,3,2011-06-23T00:00:00.000Z
6.735000003886133,53.359000006368582,728,Westeremden,1.1,3,2011-06-24T00:00:00.000Z
6.743000003757174,53.285000006111915,729,Wittewierum,1,3,2011-06-27T00:00:00.000Z
6.787000004315044,53.303000006061623,730,Garrelsweer,3.2,3,2011-06-27T00:00:00.000Z
6.777000005042612,53.295000006623781,731,Appingedam,1.4,3,2011-06-27T00:00:00.000Z
6.802000004010548,53.30500000597435,732,Appingedam,1.1,3,2011-06-27T00:00:00.000Z
4.280000001950536,52.917000005880901,733,Noordzee,2.5,3.5,2011-07-05T00:00:00.000Z
6.775000004915549,53.246000006725659,734,Slochteren,1.2,3,2011-07-23T00:00:00.000Z
6.880000004806755,53.285000006596498,735,Tjuchem,1.2,3,2011-07-27T00:00:00.000Z
6.953000004654076,53.286000006553706,736,Schaapbulten,1.2,3,2011-07-27T00:00:00.000Z
6.662000004208909,53.387000006121042,737,Zandeweer,1.1,3,2011-07-27T00:00:00.000Z
6.728000004095036,53.33700000667114,738,Loppersum,1.8,3,2011-07-29T00:00:00.000Z
6.798000004852403,53.368000006548776,739,Godlinze,0.9,3,2011-08-01T00:00:00.000Z
6.727000004108207,53.074000006215591,740,Schuilingsoord,1.6,3,2011-08-02T00:00:00.000Z
6.787000004315044,53.303000006061623,741,Hoeksmeer,1,3,2011-08-17T00:00:00.000Z
6.733000003977661,53.281000006081364,742,Woltersum,1.3,3,2011-08-18T00:00:00.000Z
6.625000005019611,53.279000006441102,743,Noordwolde,1.5,3,2011-08-20T00:00:00.000Z
6.817000005190094,53.168000005900055,744,Sappemeer,1.6,3,2011-08-23T00:00:00.000Z
6.69300000447292,53.370000006522524,745,Garsthuizen,1.1,3,2011-08-31T00:00:00.000Z
6.687000004349041,53.444000006021184,746,Uithuizen,2.5,3,2011-08-31T00:00:00.000Z
4.548000002298665,52.560000005938221,996,Noordzee,1.8,3,2013-10-27T00:00:00.000Z
4.533000001960024,52.567000005913059,997,Noordzee,1.7,3,2013-11-05T00:00:00.000Z
6.87800000419825,53.281000006294171,998,Tjuchem,1.5,3,2013-11-07T00:00:00.000Z
6.755000004339982,53.052000005774907,999,Annen,2.4,3,2013-11-09T00:00:00.000Z
6.772000004351749,53.298000006059397,1000,Garrelsweer,1.2,3,2013-11-10T00:00:00.000Z
